"","pl.p","growth.group","count","planting","plot.type","plot.area","preRE"
"1",1,"1",1,2,"Remnant",-0.957809984107834,"5"
"2",1,"2",0,2,"Remnant",-0.957809984107834,"5"
"3",1,"5",1,2,"Remnant",-0.957809984107834,"5"
"4",1,"8",1,2,"Remnant",-0.957809984107834,"5"
"5",1,"7",2,2,"Remnant",-0.957809984107834,"5"
"6",1,"6",2,2,"Remnant",-0.957809984107834,"5"
"7",1,"3",1,2,"Remnant",-0.957809984107834,"5"
"8",1,"4",1,2,"Remnant",-0.957809984107834,"5"
"9",2,"2",0,2,"Remnant",-1.0216724556814,"5"
"10",2,"5",1,2,"Remnant",-1.0216724556814,"5"
"11",2,"1",1,2,"Remnant",-1.0216724556814,"5"
"12",2,"7",2,2,"Remnant",-1.0216724556814,"5"
"13",2,"6",2,2,"Remnant",-1.0216724556814,"5"
"14",2,"8",0,2,"Remnant",-1.0216724556814,"5"
"15",2,"4",0,2,"Remnant",-1.0216724556814,"5"
"16",2,"3",0,2,"Remnant",-1.0216724556814,"5"
"17",3,"6",2,2,"Remnant",-0.957809984107834,"5"
"18",3,"4",0,2,"Remnant",-0.957809984107834,"5"
"19",3,"8",1,2,"Remnant",-0.957809984107834,"5"
"20",3,"2",0,2,"Remnant",-0.957809984107834,"5"
"21",3,"3",0,2,"Remnant",-0.957809984107834,"5"
"22",3,"7",1,2,"Remnant",-0.957809984107834,"5"
"23",3,"1",1,2,"Remnant",-0.957809984107834,"5"
"24",3,"5",2,2,"Remnant",-0.957809984107834,"5"
"25",4,"4",1,2,"Remnant",-1.0216724556814,"5"
"26",4,"1",1,2,"Remnant",-1.0216724556814,"5"
"27",4,"3",0,2,"Remnant",-1.0216724556814,"5"
"28",4,"7",1,2,"Remnant",-1.0216724556814,"5"
"29",4,"2",1,2,"Remnant",-1.0216724556814,"5"
"30",4,"5",0,2,"Remnant",-1.0216724556814,"5"
"31",4,"6",2,2,"Remnant",-1.0216724556814,"5"
"32",4,"8",0,2,"Remnant",-1.0216724556814,"5"
"33",5,"4",0,3,"Remnant",0.702614276804904,"10"
"34",5,"6",2,3,"Remnant",0.702614276804904,"10"
"35",5,"1",0,3,"Remnant",0.702614276804904,"10"
"36",5,"5",0,3,"Remnant",0.702614276804904,"10"
"37",5,"2",0,3,"Remnant",0.702614276804904,"10"
"38",5,"8",0,3,"Remnant",0.702614276804904,"10"
"39",5,"3",0,3,"Remnant",0.702614276804904,"10"
"40",5,"7",3,3,"Remnant",0.702614276804904,"10"
"41",6,"5",0,3,"Remnant",0.702614276804904,"10"
"42",6,"1",0,3,"Remnant",0.702614276804904,"10"
"43",6,"2",0,3,"Remnant",0.702614276804904,"10"
"44",6,"4",0,3,"Remnant",0.702614276804904,"10"
"45",6,"6",2,3,"Remnant",0.702614276804904,"10"
"46",6,"7",1,3,"Remnant",0.702614276804904,"10"
"47",6,"8",0,3,"Remnant",0.702614276804904,"10"
"48",6,"3",0,3,"Remnant",0.702614276804904,"10"
"49",7,"2",0,3,"Remnant",0.702614276804904,"10"
"50",7,"7",0,3,"Remnant",0.702614276804904,"10"
"51",7,"5",0,3,"Remnant",0.702614276804904,"10"
"52",7,"6",2,3,"Remnant",0.702614276804904,"10"
"53",7,"8",0,3,"Remnant",0.702614276804904,"10"
"54",7,"4",0,3,"Remnant",0.702614276804904,"10"
"55",7,"1",0,3,"Remnant",0.702614276804904,"10"
"56",7,"3",0,3,"Remnant",0.702614276804904,"10"
"57",8,"6",3,3,"Remnant",0.702614276804904,"10"
"58",8,"2",0,3,"Remnant",0.702614276804904,"10"
"59",8,"4",0,3,"Remnant",0.702614276804904,"10"
"60",8,"8",0,3,"Remnant",0.702614276804904,"10"
"61",8,"7",1,3,"Remnant",0.702614276804904,"10"
"62",8,"3",0,3,"Remnant",0.702614276804904,"10"
"63",8,"5",0,3,"Remnant",0.702614276804904,"10"
"64",8,"1",0,3,"Remnant",0.702614276804904,"10"
"65",9,"8",0,4,"Old regrowth",0.702614276804904,"3"
"66",9,"2",0,4,"Old regrowth",0.702614276804904,"3"
"67",9,"5",1,4,"Old regrowth",0.702614276804904,"3"
"68",9,"6",1,4,"Old regrowth",0.702614276804904,"3"
"69",9,"7",1,4,"Old regrowth",0.702614276804904,"3"
"70",9,"4",0,4,"Old regrowth",0.702614276804904,"3"
"71",9,"1",0,4,"Old regrowth",0.702614276804904,"3"
"72",9,"3",0,4,"Old regrowth",0.702614276804904,"3"
"73",10,"6",1,4,"Old regrowth",0.702614276804904,"3"
"74",10,"2",0,4,"Old regrowth",0.702614276804904,"3"
"75",10,"8",0,4,"Old regrowth",0.702614276804904,"3"
"76",10,"5",1,4,"Old regrowth",0.702614276804904,"3"
"77",10,"7",1,4,"Old regrowth",0.702614276804904,"3"
"78",10,"4",0,4,"Old regrowth",0.702614276804904,"3"
"79",10,"1",0,4,"Old regrowth",0.702614276804904,"3"
"80",10,"3",0,4,"Old regrowth",0.702614276804904,"3"
"81",11,"4",0,4,"Old regrowth",0.702614276804904,"3"
"82",11,"8",0,4,"Old regrowth",0.702614276804904,"3"
"83",11,"2",0,4,"Old regrowth",0.702614276804904,"3"
"84",11,"5",1,4,"Old regrowth",0.702614276804904,"3"
"85",11,"6",1,4,"Old regrowth",0.702614276804904,"3"
"86",11,"7",1,4,"Old regrowth",0.702614276804904,"3"
"87",11,"1",0,4,"Old regrowth",0.702614276804904,"3"
"88",11,"3",0,4,"Old regrowth",0.702614276804904,"3"
"89",12,"8",0,4,"Old regrowth",0.702614276804904,"3"
"90",12,"2",0,4,"Old regrowth",0.702614276804904,"3"
"91",12,"7",1,4,"Old regrowth",0.702614276804904,"3"
"92",12,"4",0,4,"Old regrowth",0.702614276804904,"3"
"93",12,"1",0,4,"Old regrowth",0.702614276804904,"3"
"94",12,"3",0,4,"Old regrowth",0.702614276804904,"3"
"95",12,"5",1,4,"Old regrowth",0.702614276804904,"3"
"96",12,"6",1,4,"Old regrowth",0.702614276804904,"3"
"97",13,"6",2,5,"Old regrowth",0.702614276804904,"5"
"98",13,"2",0,5,"Old regrowth",0.702614276804904,"5"
"99",13,"8",0,5,"Old regrowth",0.702614276804904,"5"
"100",13,"5",0,5,"Old regrowth",0.702614276804904,"5"
"101",13,"7",1,5,"Old regrowth",0.702614276804904,"5"
"102",13,"4",0,5,"Old regrowth",0.702614276804904,"5"
"103",13,"1",0,5,"Old regrowth",0.702614276804904,"5"
"104",13,"3",0,5,"Old regrowth",0.702614276804904,"5"
"105",14,"4",0,5,"Old regrowth",0.702614276804904,"5"
"106",14,"8",0,5,"Old regrowth",0.702614276804904,"5"
"107",14,"2",0,5,"Old regrowth",0.702614276804904,"5"
"108",14,"5",0,5,"Old regrowth",0.702614276804904,"5"
"109",14,"6",2,5,"Old regrowth",0.702614276804904,"5"
"110",14,"7",0,5,"Old regrowth",0.702614276804904,"5"
"111",14,"1",0,5,"Old regrowth",0.702614276804904,"5"
"112",14,"3",0,5,"Old regrowth",0.702614276804904,"5"
"113",15,"8",1,5,"Old regrowth",0.702614276804904,"5"
"114",15,"2",0,5,"Old regrowth",0.702614276804904,"5"
"115",15,"7",0,5,"Old regrowth",0.702614276804904,"5"
"116",15,"4",0,5,"Old regrowth",0.702614276804904,"5"
"117",15,"1",0,5,"Old regrowth",0.702614276804904,"5"
"118",15,"3",0,5,"Old regrowth",0.702614276804904,"5"
"119",15,"5",0,5,"Old regrowth",0.702614276804904,"5"
"120",15,"6",1,5,"Old regrowth",0.702614276804904,"5"
"121",16,"6",2,6,"Old regrowth",0.702614276804904,"5"
"122",16,"2",0,6,"Old regrowth",0.702614276804904,"5"
"123",16,"8",0,6,"Old regrowth",0.702614276804904,"5"
"124",16,"5",0,6,"Old regrowth",0.702614276804904,"5"
"125",16,"7",1,6,"Old regrowth",0.702614276804904,"5"
"126",16,"4",0,6,"Old regrowth",0.702614276804904,"5"
"127",16,"1",0,6,"Old regrowth",0.702614276804904,"5"
"128",16,"3",0,6,"Old regrowth",0.702614276804904,"5"
"129",17,"8",0,6,"Old regrowth",0.702614276804904,"5"
"130",17,"2",0,6,"Old regrowth",0.702614276804904,"5"
"131",17,"4",0,6,"Old regrowth",0.702614276804904,"5"
"132",17,"7",2,6,"Old regrowth",0.702614276804904,"5"
"133",17,"5",0,6,"Old regrowth",0.702614276804904,"5"
"134",17,"6",2,6,"Old regrowth",0.702614276804904,"5"
"135",17,"3",0,6,"Old regrowth",0.702614276804904,"5"
"136",17,"1",0,6,"Old regrowth",0.702614276804904,"5"
"137",18,"6",1,6,"Old regrowth",0.702614276804904,"5"
"138",18,"1",0,6,"Old regrowth",0.702614276804904,"5"
"139",18,"8",0,6,"Old regrowth",0.702614276804904,"5"
"140",18,"5",0,6,"Old regrowth",0.702614276804904,"5"
"141",18,"2",0,6,"Old regrowth",0.702614276804904,"5"
"142",18,"4",0,6,"Old regrowth",0.702614276804904,"5"
"143",18,"7",1,6,"Old regrowth",0.702614276804904,"5"
"144",18,"3",0,6,"Old regrowth",0.702614276804904,"5"
"145",19,"5",0,6,"Old regrowth",0.702614276804904,"5"
"146",19,"8",0,6,"Old regrowth",0.702614276804904,"5"
"147",19,"2",0,6,"Old regrowth",0.702614276804904,"5"
"148",19,"4",0,6,"Old regrowth",0.702614276804904,"5"
"149",19,"7",1,6,"Old regrowth",0.702614276804904,"5"
"150",19,"3",0,6,"Old regrowth",0.702614276804904,"5"
"151",19,"6",1,6,"Old regrowth",0.702614276804904,"5"
"152",19,"1",0,6,"Old regrowth",0.702614276804904,"5"
"153",20,"8",0,7,"Young regrowth",-1.0216724556814,"5"
"154",20,"2",0,7,"Young regrowth",-1.0216724556814,"5"
"155",20,"7",1,7,"Young regrowth",-1.0216724556814,"5"
"156",20,"6",2,7,"Young regrowth",-1.0216724556814,"5"
"157",20,"3",0,7,"Young regrowth",-1.0216724556814,"5"
"158",20,"4",0,7,"Young regrowth",-1.0216724556814,"5"
"159",20,"5",0,7,"Young regrowth",-1.0216724556814,"5"
"160",20,"1",0,7,"Young regrowth",-1.0216724556814,"5"
"161",21,"6",2,7,"Young regrowth",-1.0216724556814,"5"
"162",21,"2",0,7,"Young regrowth",-1.0216724556814,"5"
"163",21,"4",0,7,"Young regrowth",-1.0216724556814,"5"
"164",21,"8",0,7,"Young regrowth",-1.0216724556814,"5"
"165",21,"7",1,7,"Young regrowth",-1.0216724556814,"5"
"166",21,"3",0,7,"Young regrowth",-1.0216724556814,"5"
"167",21,"5",0,7,"Young regrowth",-1.0216724556814,"5"
"168",21,"1",0,7,"Young regrowth",-1.0216724556814,"5"
"169",22,"8",0,8,"Young regrowth",-1.0216724556814,"7"
"170",22,"2",0,8,"Young regrowth",-1.0216724556814,"7"
"171",22,"5",0,8,"Young regrowth",-1.0216724556814,"7"
"172",22,"6",2,8,"Young regrowth",-1.0216724556814,"7"
"173",22,"7",1,8,"Young regrowth",-1.0216724556814,"7"
"174",22,"4",0,8,"Young regrowth",-1.0216724556814,"7"
"175",22,"1",0,8,"Young regrowth",-1.0216724556814,"7"
"176",22,"3",0,8,"Young regrowth",-1.0216724556814,"7"
"177",23,"6",2,8,"Young regrowth",-1.0216724556814,"7"
"178",23,"2",0,8,"Young regrowth",-1.0216724556814,"7"
"179",23,"8",0,8,"Young regrowth",-1.0216724556814,"7"
"180",23,"5",0,8,"Young regrowth",-1.0216724556814,"7"
"181",23,"7",1,8,"Young regrowth",-1.0216724556814,"7"
"182",23,"4",0,8,"Young regrowth",-1.0216724556814,"7"
"183",23,"1",0,8,"Young regrowth",-1.0216724556814,"7"
"184",23,"3",0,8,"Young regrowth",-1.0216724556814,"7"
"185",24,"4",0,8,"Young regrowth",-1.0216724556814,"7"
"186",24,"8",0,8,"Young regrowth",-1.0216724556814,"7"
"187",24,"2",0,8,"Young regrowth",-1.0216724556814,"7"
"188",24,"5",0,8,"Young regrowth",-1.0216724556814,"7"
"189",24,"6",1,8,"Young regrowth",-1.0216724556814,"7"
"190",24,"7",1,8,"Young regrowth",-1.0216724556814,"7"
"191",24,"1",0,8,"Young regrowth",-1.0216724556814,"7"
"192",24,"3",0,8,"Young regrowth",-1.0216724556814,"7"
"193",25,"8",0,8,"Young regrowth",-1.0216724556814,"7"
"194",25,"2",0,8,"Young regrowth",-1.0216724556814,"7"
"195",25,"7",1,8,"Young regrowth",-1.0216724556814,"7"
"196",25,"4",0,8,"Young regrowth",-1.0216724556814,"7"
"197",25,"1",0,8,"Young regrowth",-1.0216724556814,"7"
"198",25,"3",0,8,"Young regrowth",-1.0216724556814,"7"
"199",25,"5",0,8,"Young regrowth",-1.0216724556814,"7"
"200",25,"6",2,8,"Young regrowth",-1.0216724556814,"7"
"201",26,"6",1,9,"Old regrowth",0.702614276804904,"8"
"202",26,"2",0,9,"Old regrowth",0.702614276804904,"8"
"203",26,"8",0,9,"Old regrowth",0.702614276804904,"8"
"204",26,"5",0,9,"Old regrowth",0.702614276804904,"8"
"205",26,"7",1,9,"Old regrowth",0.702614276804904,"8"
"206",26,"4",0,9,"Old regrowth",0.702614276804904,"8"
"207",26,"1",0,9,"Old regrowth",0.702614276804904,"8"
"208",26,"3",0,9,"Old regrowth",0.702614276804904,"8"
"209",27,"4",0,10,"Young regrowth",-0.574635154666433,"11"
"210",27,"8",0,10,"Young regrowth",-0.574635154666433,"11"
"211",27,"2",0,10,"Young regrowth",-0.574635154666433,"11"
"212",27,"5",0,10,"Young regrowth",-0.574635154666433,"11"
"213",27,"6",2,10,"Young regrowth",-0.574635154666433,"11"
"214",27,"7",1,10,"Young regrowth",-0.574635154666433,"11"
"215",27,"1",0,10,"Young regrowth",-0.574635154666433,"11"
"216",27,"3",0,10,"Young regrowth",-0.574635154666433,"11"
"217",28,"8",0,10,"Young regrowth",-0.574635154666433,"11"
"218",28,"2",0,10,"Young regrowth",-0.574635154666433,"11"
"219",28,"7",1,10,"Young regrowth",-0.574635154666433,"11"
"220",28,"4",0,10,"Young regrowth",-0.574635154666433,"11"
"221",28,"1",1,10,"Young regrowth",-0.574635154666433,"11"
"222",28,"3",0,10,"Young regrowth",-0.574635154666433,"11"
"223",28,"5",0,10,"Young regrowth",-0.574635154666433,"11"
"224",28,"6",2,10,"Young regrowth",-0.574635154666433,"11"
"225",29,"6",3,11,"Remnant",-1.0216724556814,"9-10"
"226",29,"2",1,11,"Remnant",-1.0216724556814,"9-10"
"227",29,"8",2,11,"Remnant",-1.0216724556814,"9-10"
"228",29,"5",0,11,"Remnant",-1.0216724556814,"9-10"
"229",29,"7",1,11,"Remnant",-1.0216724556814,"9-10"
"230",29,"4",1,11,"Remnant",-1.0216724556814,"9-10"
"231",29,"1",1,11,"Remnant",-1.0216724556814,"9-10"
"232",29,"3",0,11,"Remnant",-1.0216724556814,"9-10"
"233",30,"8",1,11,"Remnant",-1.0216724556814,"9-10"
"234",30,"2",0,11,"Remnant",-1.0216724556814,"9-10"
"235",30,"4",1,11,"Remnant",-1.0216724556814,"9-10"
"236",30,"7",0,11,"Remnant",-1.0216724556814,"9-10"
"237",30,"5",0,11,"Remnant",-1.0216724556814,"9-10"
"238",30,"6",1,11,"Remnant",-1.0216724556814,"9-10"
"239",30,"3",1,11,"Remnant",-1.0216724556814,"9-10"
"240",30,"1",2,11,"Remnant",-1.0216724556814,"9-10"
"241",31,"6",2,11,"Remnant",-1.0216724556814,"9-10"
"242",31,"1",1,11,"Remnant",-1.0216724556814,"9-10"
"243",31,"8",2,11,"Remnant",-1.0216724556814,"9-10"
"244",31,"5",0,11,"Remnant",-1.0216724556814,"9-10"
"245",31,"2",0,11,"Remnant",-1.0216724556814,"9-10"
"246",31,"4",1,11,"Remnant",-1.0216724556814,"9-10"
"247",31,"7",0,11,"Remnant",-1.0216724556814,"9-10"
"248",31,"3",3,11,"Remnant",-1.0216724556814,"9-10"
"249",32,"5",1,12,"Old regrowth",0.702614276804904,"11"
"250",32,"8",0,12,"Old regrowth",0.702614276804904,"11"
"251",32,"2",0,12,"Old regrowth",0.702614276804904,"11"
"252",32,"4",0,12,"Old regrowth",0.702614276804904,"11"
"253",32,"7",0,12,"Old regrowth",0.702614276804904,"11"
"254",32,"3",0,12,"Old regrowth",0.702614276804904,"11"
"255",32,"6",1,12,"Old regrowth",0.702614276804904,"11"
"256",32,"1",1,12,"Old regrowth",0.702614276804904,"11"
"257",33,"8",0,12,"Old regrowth",0.702614276804904,"11"
"258",33,"2",0,12,"Old regrowth",0.702614276804904,"11"
"259",33,"7",0,12,"Old regrowth",0.702614276804904,"11"
"260",33,"6",1,12,"Old regrowth",0.702614276804904,"11"
"261",33,"3",0,12,"Old regrowth",0.702614276804904,"11"
"262",33,"4",1,12,"Old regrowth",0.702614276804904,"11"
"263",33,"5",1,12,"Old regrowth",0.702614276804904,"11"
"264",33,"1",0,12,"Old regrowth",0.702614276804904,"11"
"265",34,"8",0,12,"Old regrowth",0.702614276804904,"11"
"266",34,"1",0,12,"Old regrowth",0.702614276804904,"11"
"267",34,"4",1,12,"Old regrowth",0.702614276804904,"11"
"268",34,"2",0,12,"Old regrowth",0.702614276804904,"11"
"269",34,"6",0,12,"Old regrowth",0.702614276804904,"11"
"270",34,"7",0,12,"Old regrowth",0.702614276804904,"11"
"271",34,"5",1,12,"Old regrowth",0.702614276804904,"11"
"272",34,"3",0,12,"Old regrowth",0.702614276804904,"11"
"273",35,"5",2,13,"Remnant",1.53282640726127,"5"
"274",35,"1",0,13,"Remnant",1.53282640726127,"5"
"275",35,"3",0,13,"Remnant",1.53282640726127,"5"
"276",35,"2",0,13,"Remnant",1.53282640726127,"5"
"277",35,"7",0,13,"Remnant",1.53282640726127,"5"
"278",35,"8",1,13,"Remnant",1.53282640726127,"5"
"279",35,"6",2,13,"Remnant",1.53282640726127,"5"
"280",35,"4",0,13,"Remnant",1.53282640726127,"5"
"281",36,"3",0,13,"Remnant",1.53282640726127,"5"
"282",36,"1",0,13,"Remnant",1.53282640726127,"5"
"283",36,"4",0,13,"Remnant",1.53282640726127,"5"
"284",36,"8",1,13,"Remnant",1.53282640726127,"5"
"285",36,"6",2,13,"Remnant",1.53282640726127,"5"
"286",36,"7",0,13,"Remnant",1.53282640726127,"5"
"287",36,"2",0,13,"Remnant",1.53282640726127,"5"
"288",36,"5",1,13,"Remnant",1.53282640726127,"5"
"289",37,"4",1,13,"Remnant",1.53282640726127,"5"
"290",37,"3",0,13,"Remnant",1.53282640726127,"5"
"291",37,"7",1,13,"Remnant",1.53282640726127,"5"
"292",37,"1",0,13,"Remnant",1.53282640726127,"5"
"293",37,"2",0,13,"Remnant",1.53282640726127,"5"
"294",37,"8",1,13,"Remnant",1.53282640726127,"5"
"295",37,"5",2,13,"Remnant",1.53282640726127,"5"
"296",37,"6",1,13,"Remnant",1.53282640726127,"5"
"297",38,"5",2,13,"Remnant",1.53282640726127,"5"
"298",38,"4",0,13,"Remnant",1.53282640726127,"5"
"299",38,"2",0,13,"Remnant",1.53282640726127,"5"
"300",38,"8",1,13,"Remnant",1.53282640726127,"5"
"301",38,"3",0,13,"Remnant",1.53282640726127,"5"
"302",38,"1",0,13,"Remnant",1.53282640726127,"5"
"303",38,"6",2,13,"Remnant",1.53282640726127,"5"
"304",38,"7",1,13,"Remnant",1.53282640726127,"5"
"305",39,"8",0,14,"Remnant",0.000127089495668786,"10"
"306",39,"3",0,14,"Remnant",0.000127089495668786,"10"
"307",39,"6",2,14,"Remnant",0.000127089495668786,"10"
"308",39,"5",0,14,"Remnant",0.000127089495668786,"10"
"309",39,"4",0,14,"Remnant",0.000127089495668786,"10"
"310",39,"2",0,14,"Remnant",0.000127089495668786,"10"
"311",39,"1",0,14,"Remnant",0.000127089495668786,"10"
"312",39,"7",1,14,"Remnant",0.000127089495668786,"10"
"313",40,"3",0,14,"Remnant",0.000127089495668786,"10"
"314",40,"8",0,14,"Remnant",0.000127089495668786,"10"
"315",40,"5",0,14,"Remnant",0.000127089495668786,"10"
"316",40,"4",0,14,"Remnant",0.000127089495668786,"10"
"317",40,"7",1,14,"Remnant",0.000127089495668786,"10"
"318",40,"1",0,14,"Remnant",0.000127089495668786,"10"
"319",40,"2",0,14,"Remnant",0.000127089495668786,"10"
"320",40,"6",2,14,"Remnant",0.000127089495668786,"10"
"321",41,"4",0,14,"Remnant",0.000127089495668786,"10"
"322",41,"2",0,14,"Remnant",0.000127089495668786,"10"
"323",41,"7",1,14,"Remnant",0.000127089495668786,"10"
"324",41,"8",0,14,"Remnant",0.000127089495668786,"10"
"325",41,"6",2,14,"Remnant",0.000127089495668786,"10"
"326",41,"5",0,14,"Remnant",0.000127089495668786,"10"
"327",41,"3",0,14,"Remnant",0.000127089495668786,"10"
"328",41,"1",0,14,"Remnant",0.000127089495668786,"10"
"329",42,"8",0,14,"Remnant",0.000127089495668786,"10"
"330",42,"2",0,14,"Remnant",0.000127089495668786,"10"
"331",42,"5",0,14,"Remnant",0.000127089495668786,"10"
"332",42,"7",1,14,"Remnant",0.000127089495668786,"10"
"333",42,"1",0,14,"Remnant",0.000127089495668786,"10"
"334",42,"3",0,14,"Remnant",0.000127089495668786,"10"
"335",42,"6",2,14,"Remnant",0.000127089495668786,"10"
"336",42,"4",0,14,"Remnant",0.000127089495668786,"10"
"337",43,"7",1,15,"Remnant",0.702614276804904,"10"
"338",43,"3",0,15,"Remnant",0.702614276804904,"10"
"339",43,"6",2,15,"Remnant",0.702614276804904,"10"
"340",43,"1",0,15,"Remnant",0.702614276804904,"10"
"341",43,"4",0,15,"Remnant",0.702614276804904,"10"
"342",43,"2",0,15,"Remnant",0.702614276804904,"10"
"343",43,"5",0,15,"Remnant",0.702614276804904,"10"
"344",43,"8",1,15,"Remnant",0.702614276804904,"10"
"345",44,"4",0,15,"Remnant",0.702614276804904,"10"
"346",44,"2",0,15,"Remnant",0.702614276804904,"10"
"347",44,"8",0,15,"Remnant",0.702614276804904,"10"
"348",44,"7",1,15,"Remnant",0.702614276804904,"10"
"349",44,"3",0,15,"Remnant",0.702614276804904,"10"
"350",44,"1",0,15,"Remnant",0.702614276804904,"10"
"351",44,"5",0,15,"Remnant",0.702614276804904,"10"
"352",44,"6",2,15,"Remnant",0.702614276804904,"10"
"353",45,"8",0,15,"Remnant",0.702614276804904,"10"
"354",45,"2",0,15,"Remnant",0.702614276804904,"10"
"355",45,"6",3,15,"Remnant",0.702614276804904,"10"
"356",45,"5",0,15,"Remnant",0.702614276804904,"10"
"357",45,"3",0,15,"Remnant",0.702614276804904,"10"
"358",45,"4",0,15,"Remnant",0.702614276804904,"10"
"359",45,"1",0,15,"Remnant",0.702614276804904,"10"
"360",45,"7",0,15,"Remnant",0.702614276804904,"10"
"361",46,"4",0,15,"Remnant",0.702614276804904,"10"
"362",46,"7",2,15,"Remnant",0.702614276804904,"10"
"363",46,"8",0,15,"Remnant",0.702614276804904,"10"
"364",46,"6",5,15,"Remnant",0.702614276804904,"10"
"365",46,"1",0,15,"Remnant",0.702614276804904,"10"
"366",46,"5",1,15,"Remnant",0.702614276804904,"10"
"367",46,"2",0,15,"Remnant",0.702614276804904,"10"
"368",46,"3",0,15,"Remnant",0.702614276804904,"10"
"369",47,"6",1,16,"Remnant",-0.574635154666433,"11"
"370",47,"3",0,16,"Remnant",-0.574635154666433,"11"
"371",47,"4",0,16,"Remnant",-0.574635154666433,"11"
"372",47,"5",1,16,"Remnant",-0.574635154666433,"11"
"373",47,"2",0,16,"Remnant",-0.574635154666433,"11"
"374",47,"7",0,16,"Remnant",-0.574635154666433,"11"
"375",47,"1",1,16,"Remnant",-0.574635154666433,"11"
"376",47,"8",0,16,"Remnant",-0.574635154666433,"11"
"377",48,"5",1,16,"Remnant",-0.574635154666433,"11"
"378",48,"6",2,16,"Remnant",-0.574635154666433,"11"
"379",48,"3",0,16,"Remnant",-0.574635154666433,"11"
"380",48,"4",1,16,"Remnant",-0.574635154666433,"11"
"381",48,"1",1,16,"Remnant",-0.574635154666433,"11"
"382",48,"2",0,16,"Remnant",-0.574635154666433,"11"
"383",48,"8",0,16,"Remnant",-0.574635154666433,"11"
"384",48,"7",0,16,"Remnant",-0.574635154666433,"11"
"385",49,"2",1,16,"Remnant",-0.574635154666433,"11"
"386",49,"6",1,16,"Remnant",-0.574635154666433,"11"
"387",49,"4",0,16,"Remnant",-0.574635154666433,"11"
"388",49,"8",0,16,"Remnant",-0.574635154666433,"11"
"389",49,"3",0,16,"Remnant",-0.574635154666433,"11"
"390",49,"1",1,16,"Remnant",-0.574635154666433,"11"
"391",49,"7",1,16,"Remnant",-0.574635154666433,"11"
"392",49,"5",2,16,"Remnant",-0.574635154666433,"11"
"393",50,"6",1,17,"Remnant",-0.574635154666433,"8"
"394",50,"2",0,17,"Remnant",-0.574635154666433,"8"
"395",50,"4",0,17,"Remnant",-0.574635154666433,"8"
"396",50,"5",0,17,"Remnant",-0.574635154666433,"8"
"397",50,"8",0,17,"Remnant",-0.574635154666433,"8"
"398",50,"3",3,17,"Remnant",-0.574635154666433,"8"
"399",50,"1",1,17,"Remnant",-0.574635154666433,"8"
"400",50,"7",1,17,"Remnant",-0.574635154666433,"8"
"401",51,"6",1,17,"Remnant",-0.574635154666433,"8"
"402",51,"2",2,17,"Remnant",-0.574635154666433,"8"
"403",51,"3",0,17,"Remnant",-0.574635154666433,"8"
"404",51,"4",0,17,"Remnant",-0.574635154666433,"8"
"405",51,"5",0,17,"Remnant",-0.574635154666433,"8"
"406",51,"8",0,17,"Remnant",-0.574635154666433,"8"
"407",51,"7",0,17,"Remnant",-0.574635154666433,"8"
"408",51,"1",1,17,"Remnant",-0.574635154666433,"8"
"409",52,"6",2,17,"Remnant",-0.574635154666433,"8"
"410",52,"3",2,17,"Remnant",-0.574635154666433,"8"
"411",52,"5",0,17,"Remnant",-0.574635154666433,"8"
"412",52,"2",0,17,"Remnant",-0.574635154666433,"8"
"413",52,"4",1,17,"Remnant",-0.574635154666433,"8"
"414",52,"1",0,17,"Remnant",-0.574635154666433,"8"
"415",52,"8",1,17,"Remnant",-0.574635154666433,"8"
"416",52,"7",0,17,"Remnant",-0.574635154666433,"8"
"417",53,"2",0,18,"Young regrowth",-0.319185268372165,"11"
"418",53,"8",0,18,"Young regrowth",-0.319185268372165,"11"
"419",53,"6",1,18,"Young regrowth",-0.319185268372165,"11"
"420",53,"4",0,18,"Young regrowth",-0.319185268372165,"11"
"421",53,"1",0,18,"Young regrowth",-0.319185268372165,"11"
"422",53,"3",1,18,"Young regrowth",-0.319185268372165,"11"
"423",53,"5",2,18,"Young regrowth",-0.319185268372165,"11"
"424",53,"7",2,18,"Young regrowth",-0.319185268372165,"11"
"425",54,"6",3,18,"Young regrowth",-0.293640279742739,"11"
"426",54,"4",0,18,"Young regrowth",-0.293640279742739,"11"
"427",54,"2",0,18,"Young regrowth",-0.293640279742739,"11"
"428",54,"3",1,18,"Young regrowth",-0.293640279742739,"11"
"429",54,"5",1,18,"Young regrowth",-0.293640279742739,"11"
"430",54,"8",0,18,"Young regrowth",-0.293640279742739,"11"
"431",54,"1",1,18,"Young regrowth",-0.293640279742739,"11"
"432",54,"7",2,18,"Young regrowth",-0.293640279742739,"11"
"433",55,"3",0,18,"Young regrowth",-0.319185268372165,"11"
"434",55,"6",1,18,"Young regrowth",-0.319185268372165,"11"
"435",55,"7",1,18,"Young regrowth",-0.319185268372165,"11"
"436",55,"2",0,18,"Young regrowth",-0.319185268372165,"11"
"437",55,"4",0,18,"Young regrowth",-0.319185268372165,"11"
"438",55,"5",1,18,"Young regrowth",-0.319185268372165,"11"
"439",55,"8",0,18,"Young regrowth",-0.319185268372165,"11"
"440",55,"1",0,18,"Young regrowth",-0.319185268372165,"11"
"441",56,"6",2,19,"Young regrowth",-0.574635154666433,"12"
"442",56,"2",0,19,"Young regrowth",-0.574635154666433,"12"
"443",56,"3",1,19,"Young regrowth",-0.574635154666433,"12"
"444",56,"4",1,19,"Young regrowth",-0.574635154666433,"12"
"445",56,"8",0,19,"Young regrowth",-0.574635154666433,"12"
"446",56,"7",0,19,"Young regrowth",-0.574635154666433,"12"
"447",56,"5",0,19,"Young regrowth",-0.574635154666433,"12"
"448",56,"1",0,19,"Young regrowth",-0.574635154666433,"12"
"449",57,"6",1,19,"Young regrowth",-0.574635154666433,"12"
"450",57,"2",0,19,"Young regrowth",-0.574635154666433,"12"
"451",57,"3",1,19,"Young regrowth",-0.574635154666433,"12"
"452",57,"4",1,19,"Young regrowth",-0.574635154666433,"12"
"453",57,"5",0,19,"Young regrowth",-0.574635154666433,"12"
"454",57,"8",0,19,"Young regrowth",-0.574635154666433,"12"
"455",57,"7",0,19,"Young regrowth",-0.574635154666433,"12"
"456",57,"1",0,19,"Young regrowth",-0.574635154666433,"12"
"457",58,"2",0,19,"Young regrowth",-0.574635154666433,"12"
"458",58,"6",2,19,"Young regrowth",-0.574635154666433,"12"
"459",58,"5",1,19,"Young regrowth",-0.574635154666433,"12"
"460",58,"8",0,19,"Young regrowth",-0.574635154666433,"12"
"461",58,"3",0,19,"Young regrowth",-0.574635154666433,"12"
"462",58,"4",1,19,"Young regrowth",-0.574635154666433,"12"
"463",58,"1",0,19,"Young regrowth",-0.574635154666433,"12"
"464",58,"7",0,19,"Young regrowth",-0.574635154666433,"12"
"465",59,"5",0,19,"Young regrowth",-0.574635154666433,"12"
"466",59,"2",0,19,"Young regrowth",-0.574635154666433,"12"
"467",59,"6",1,19,"Young regrowth",-0.574635154666433,"12"
"468",59,"4",1,19,"Young regrowth",-0.574635154666433,"12"
"469",59,"1",0,19,"Young regrowth",-0.574635154666433,"12"
"470",59,"8",0,19,"Young regrowth",-0.574635154666433,"12"
"471",59,"3",0,19,"Young regrowth",-0.574635154666433,"12"
"472",59,"7",0,19,"Young regrowth",-0.574635154666433,"12"
"473",60,"2",0,20,"Remnant",0.000127089495668786,"9"
"474",60,"6",0,20,"Remnant",0.000127089495668786,"9"
"475",60,"5",0,20,"Remnant",0.000127089495668786,"9"
"476",60,"8",2,20,"Remnant",0.000127089495668786,"9"
"477",60,"3",1,20,"Remnant",0.000127089495668786,"9"
"478",60,"4",0,20,"Remnant",0.000127089495668786,"9"
"479",60,"1",0,20,"Remnant",0.000127089495668786,"9"
"480",60,"7",0,20,"Remnant",0.000127089495668786,"9"
"481",61,"5",0,20,"Remnant",0.000127089495668786,"9"
"482",61,"6",0,20,"Remnant",0.000127089495668786,"9"
"483",61,"3",1,20,"Remnant",0.000127089495668786,"9"
"484",61,"4",0,20,"Remnant",0.000127089495668786,"9"
"485",61,"1",0,20,"Remnant",0.000127089495668786,"9"
"486",61,"2",0,20,"Remnant",0.000127089495668786,"9"
"487",61,"8",2,20,"Remnant",0.000127089495668786,"9"
"488",61,"7",0,20,"Remnant",0.000127089495668786,"9"
"489",62,"2",0,20,"Remnant",0.000127089495668786,"9"
"490",62,"6",0,20,"Remnant",0.000127089495668786,"9"
"491",62,"4",0,20,"Remnant",0.000127089495668786,"9"
"492",62,"8",2,20,"Remnant",0.000127089495668786,"9"
"493",62,"3",1,20,"Remnant",0.000127089495668786,"9"
"494",62,"1",0,20,"Remnant",0.000127089495668786,"9"
"495",62,"7",0,20,"Remnant",0.000127089495668786,"9"
"496",62,"5",0,20,"Remnant",0.000127089495668786,"9"
"497",63,"6",0,20,"Remnant",0.000127089495668786,"9"
"498",63,"2",0,20,"Remnant",0.000127089495668786,"9"
"499",63,"4",0,20,"Remnant",0.000127089495668786,"9"
"500",63,"5",0,20,"Remnant",0.000127089495668786,"9"
"501",63,"8",2,20,"Remnant",0.000127089495668786,"9"
"502",63,"3",1,20,"Remnant",0.000127089495668786,"9"
"503",63,"1",0,20,"Remnant",0.000127089495668786,"9"
"504",63,"7",0,20,"Remnant",0.000127089495668786,"9"
"505",64,"6",0,21,"Old regrowth",-0.574635154666433,"9"
"506",64,"2",0,21,"Old regrowth",-0.574635154666433,"9"
"507",64,"3",0,21,"Old regrowth",-0.574635154666433,"9"
"508",64,"4",0,21,"Old regrowth",-0.574635154666433,"9"
"509",64,"5",0,21,"Old regrowth",-0.574635154666433,"9"
"510",64,"8",1,21,"Old regrowth",-0.574635154666433,"9"
"511",64,"7",0,21,"Old regrowth",-0.574635154666433,"9"
"512",64,"1",0,21,"Old regrowth",-0.574635154666433,"9"
"513",65,"6",0,21,"Old regrowth",-0.574635154666433,"9"
"514",65,"3",1,21,"Old regrowth",-0.574635154666433,"9"
"515",65,"5",0,21,"Old regrowth",-0.574635154666433,"9"
"516",65,"2",0,21,"Old regrowth",-0.574635154666433,"9"
"517",65,"4",0,21,"Old regrowth",-0.574635154666433,"9"
"518",65,"1",0,21,"Old regrowth",-0.574635154666433,"9"
"519",65,"8",2,21,"Old regrowth",-0.574635154666433,"9"
"520",65,"7",0,21,"Old regrowth",-0.574635154666433,"9"
"521",66,"2",0,21,"Old regrowth",-0.574635154666433,"9"
"522",66,"8",1,21,"Old regrowth",-0.574635154666433,"9"
"523",66,"6",0,21,"Old regrowth",-0.574635154666433,"9"
"524",66,"4",0,21,"Old regrowth",-0.574635154666433,"9"
"525",66,"1",0,21,"Old regrowth",-0.574635154666433,"9"
"526",66,"3",1,21,"Old regrowth",-0.574635154666433,"9"
"527",66,"5",0,21,"Old regrowth",-0.574635154666433,"9"
"528",66,"7",0,21,"Old regrowth",-0.574635154666433,"9"
"529",67,"6",3,22,"Planting",-0.8300850409607,"9-10"
"530",67,"4",1,22,"Planting",-0.8300850409607,"9-10"
"531",67,"2",0,22,"Planting",-0.8300850409607,"9-10"
"532",67,"3",0,22,"Planting",-0.8300850409607,"9-10"
"533",67,"5",0,22,"Planting",-0.8300850409607,"9-10"
"534",67,"8",0,22,"Planting",-0.8300850409607,"9-10"
"535",67,"1",0,22,"Planting",-0.8300850409607,"9-10"
"536",67,"7",0,22,"Planting",-0.8300850409607,"9-10"
"537",68,"3",0,22,"Planting",-0.8300850409607,"9-10"
"538",68,"6",3,22,"Planting",-0.8300850409607,"9-10"
"539",68,"7",1,22,"Planting",-0.8300850409607,"9-10"
"540",68,"2",0,22,"Planting",-0.8300850409607,"9-10"
"541",68,"4",0,22,"Planting",-0.8300850409607,"9-10"
"542",68,"5",0,22,"Planting",-0.8300850409607,"9-10"
"543",68,"8",0,22,"Planting",-0.8300850409607,"9-10"
"544",68,"1",0,22,"Planting",-0.8300850409607,"9-10"
"545",69,"6",2,22,"Planting",-0.8300850409607,"9-10"
"546",69,"2",0,22,"Planting",-0.8300850409607,"9-10"
"547",69,"3",0,22,"Planting",-0.8300850409607,"9-10"
"548",69,"4",1,22,"Planting",-0.8300850409607,"9-10"
"549",69,"8",0,22,"Planting",-0.8300850409607,"9-10"
"550",69,"7",1,22,"Planting",-0.8300850409607,"9-10"
"551",69,"5",0,22,"Planting",-0.8300850409607,"9-10"
"552",69,"1",0,22,"Planting",-0.8300850409607,"9-10"
"553",70,"6",3,23,"Remnant",0.702614276804904,"5"
"554",70,"2",0,23,"Remnant",0.702614276804904,"5"
"555",70,"3",1,23,"Remnant",0.702614276804904,"5"
"556",70,"4",0,23,"Remnant",0.702614276804904,"5"
"557",70,"5",0,23,"Remnant",0.702614276804904,"5"
"558",70,"8",0,23,"Remnant",0.702614276804904,"5"
"559",70,"7",1,23,"Remnant",0.702614276804904,"5"
"560",70,"1",0,23,"Remnant",0.702614276804904,"5"
"561",71,"2",0,23,"Remnant",0.702614276804904,"5"
"562",71,"6",2,23,"Remnant",0.702614276804904,"5"
"563",71,"5",0,23,"Remnant",0.702614276804904,"5"
"564",71,"8",0,23,"Remnant",0.702614276804904,"5"
"565",71,"3",1,23,"Remnant",0.702614276804904,"5"
"566",71,"4",0,23,"Remnant",0.702614276804904,"5"
"567",71,"1",0,23,"Remnant",0.702614276804904,"5"
"568",71,"7",1,23,"Remnant",0.702614276804904,"5"
"569",72,"5",0,23,"Remnant",0.702614276804904,"5"
"570",72,"2",0,23,"Remnant",0.702614276804904,"5"
"571",72,"6",3,23,"Remnant",0.702614276804904,"5"
"572",72,"4",0,23,"Remnant",0.702614276804904,"5"
"573",72,"1",0,23,"Remnant",0.702614276804904,"5"
"574",72,"8",0,23,"Remnant",0.702614276804904,"5"
"575",72,"3",1,23,"Remnant",0.702614276804904,"5"
"576",72,"7",0,23,"Remnant",0.702614276804904,"5"
"577",73,"2",0,23,"Remnant",0.702614276804904,"5"
"578",73,"6",3,23,"Remnant",0.702614276804904,"5"
"579",73,"5",0,23,"Remnant",0.702614276804904,"5"
"580",73,"8",0,23,"Remnant",0.702614276804904,"5"
"581",73,"3",1,23,"Remnant",0.702614276804904,"5"
"582",73,"4",0,23,"Remnant",0.702614276804904,"5"
"583",73,"1",0,23,"Remnant",0.702614276804904,"5"
"584",73,"7",0,23,"Remnant",0.702614276804904,"5"
"585",74,"5",0,24,"Remnant",0.702614276804904,"5"
"586",74,"1",0,24,"Remnant",0.702614276804904,"5"
"587",74,"6",2,24,"Remnant",0.702614276804904,"5"
"588",74,"4",0,24,"Remnant",0.702614276804904,"5"
"589",74,"7",0,24,"Remnant",0.702614276804904,"5"
"590",74,"2",0,24,"Remnant",0.702614276804904,"5"
"591",74,"3",0,24,"Remnant",0.702614276804904,"5"
"592",74,"8",0,24,"Remnant",0.702614276804904,"5"
"593",75,"2",0,25,"Young regrowth",0.702614276804904,"5"
"594",75,"1",0,25,"Young regrowth",0.702614276804904,"5"
"595",75,"8",0,25,"Young regrowth",0.702614276804904,"5"
"596",75,"3",0,25,"Young regrowth",0.702614276804904,"5"
"597",75,"6",2,25,"Young regrowth",0.702614276804904,"5"
"598",75,"5",0,25,"Young regrowth",0.702614276804904,"5"
"599",75,"7",0,25,"Young regrowth",0.702614276804904,"5"
"600",75,"4",0,25,"Young regrowth",0.702614276804904,"5"
"601",76,"1",0,25,"Young regrowth",0.702614276804904,"5"
"602",76,"3",0,25,"Young regrowth",0.702614276804904,"5"
"603",76,"2",0,25,"Young regrowth",0.702614276804904,"5"
"604",76,"8",1,25,"Young regrowth",0.702614276804904,"5"
"605",76,"4",0,25,"Young regrowth",0.702614276804904,"5"
"606",76,"6",4,25,"Young regrowth",0.702614276804904,"5"
"607",76,"7",1,25,"Young regrowth",0.702614276804904,"5"
"608",76,"5",0,25,"Young regrowth",0.702614276804904,"5"
"609",77,"1",0,25,"Young regrowth",0.702614276804904,"5"
"610",77,"8",1,25,"Young regrowth",0.702614276804904,"5"
"611",77,"4",0,25,"Young regrowth",0.702614276804904,"5"
"612",77,"6",4,25,"Young regrowth",0.702614276804904,"5"
"613",77,"7",0,25,"Young regrowth",0.702614276804904,"5"
"614",77,"3",0,25,"Young regrowth",0.702614276804904,"5"
"615",77,"2",0,25,"Young regrowth",0.702614276804904,"5"
"616",77,"5",0,25,"Young regrowth",0.702614276804904,"5"
"617",78,"3",0,25,"Young regrowth",0.702614276804904,"5"
"618",78,"6",3,25,"Young regrowth",0.702614276804904,"5"
"619",78,"8",0,25,"Young regrowth",0.702614276804904,"5"
"620",78,"2",0,25,"Young regrowth",0.702614276804904,"5"
"621",78,"5",0,25,"Young regrowth",0.702614276804904,"5"
"622",78,"1",0,25,"Young regrowth",0.702614276804904,"5"
"623",78,"4",0,25,"Young regrowth",0.702614276804904,"5"
"624",78,"7",1,25,"Young regrowth",0.702614276804904,"5"
"625",79,"6",3,26,"Remnant",0.702614276804904,"5"
"626",79,"4",0,26,"Remnant",0.702614276804904,"5"
"627",79,"8",1,26,"Remnant",0.702614276804904,"5"
"628",79,"3",0,26,"Remnant",0.702614276804904,"5"
"629",79,"5",0,26,"Remnant",0.702614276804904,"5"
"630",79,"7",1,26,"Remnant",0.702614276804904,"5"
"631",79,"2",0,26,"Remnant",0.702614276804904,"5"
"632",79,"1",0,26,"Remnant",0.702614276804904,"5"
"633",80,"5",0,26,"Remnant",0.702614276804904,"5"
"634",80,"8",0,26,"Remnant",0.702614276804904,"5"
"635",80,"1",0,26,"Remnant",0.702614276804904,"5"
"636",80,"7",3,26,"Remnant",0.702614276804904,"5"
"637",80,"6",2,26,"Remnant",0.702614276804904,"5"
"638",80,"3",0,26,"Remnant",0.702614276804904,"5"
"639",80,"4",0,26,"Remnant",0.702614276804904,"5"
"640",80,"2",0,26,"Remnant",0.702614276804904,"5"
"641",81,"8",0,26,"Remnant",0.702614276804904,"5"
"642",81,"7",2,26,"Remnant",0.702614276804904,"5"
"643",81,"6",2,26,"Remnant",0.702614276804904,"5"
"644",81,"5",0,26,"Remnant",0.702614276804904,"5"
"645",81,"2",0,26,"Remnant",0.702614276804904,"5"
"646",81,"3",0,26,"Remnant",0.702614276804904,"5"
"647",81,"1",1,26,"Remnant",0.702614276804904,"5"
"648",81,"4",0,26,"Remnant",0.702614276804904,"5"
"649",82,"8",0,26,"Remnant",0.702614276804904,"5"
"650",82,"7",1,26,"Remnant",0.702614276804904,"5"
"651",82,"5",0,26,"Remnant",0.702614276804904,"5"
"652",82,"1",1,26,"Remnant",0.702614276804904,"5"
"653",82,"4",0,26,"Remnant",0.702614276804904,"5"
"654",82,"3",0,26,"Remnant",0.702614276804904,"5"
"655",82,"6",2,26,"Remnant",0.702614276804904,"5"
"656",82,"2",0,26,"Remnant",0.702614276804904,"5"
"657",83,"8",0,27,"Planting",2.23531359457051,"3"
"658",83,"6",2,27,"Planting",2.23531359457051,"3"
"659",83,"4",1,27,"Planting",2.23531359457051,"3"
"660",83,"2",0,27,"Planting",2.23531359457051,"3"
"661",83,"7",0,27,"Planting",2.23531359457051,"3"
"662",83,"5",0,27,"Planting",2.23531359457051,"3"
"663",83,"1",0,27,"Planting",2.23531359457051,"3"
"664",83,"3",0,27,"Planting",2.23531359457051,"3"
"665",84,"4",1,27,"Planting",2.23531359457051,"3"
"666",84,"3",0,27,"Planting",2.23531359457051,"3"
"667",84,"8",0,27,"Planting",2.23531359457051,"3"
"668",84,"7",0,27,"Planting",2.23531359457051,"3"
"669",84,"2",0,27,"Planting",2.23531359457051,"3"
"670",84,"6",3,27,"Planting",2.23531359457051,"3"
"671",84,"1",0,27,"Planting",2.23531359457051,"3"
"672",84,"5",0,27,"Planting",2.23531359457051,"3"
"673",85,"7",0,27,"Planting",2.23531359457051,"3"
"674",85,"4",1,27,"Planting",2.23531359457051,"3"
"675",85,"8",0,27,"Planting",2.23531359457051,"3"
"676",85,"3",0,27,"Planting",2.23531359457051,"3"
"677",85,"1",0,27,"Planting",2.23531359457051,"3"
"678",85,"2",0,27,"Planting",2.23531359457051,"3"
"679",85,"5",0,27,"Planting",2.23531359457051,"3"
"680",85,"6",3,27,"Planting",2.23531359457051,"3"
"681",86,"6",2,28,"Old regrowth",0.000127089495668786,"11"
"682",86,"4",0,28,"Old regrowth",0.000127089495668786,"11"
"683",86,"2",0,28,"Old regrowth",0.000127089495668786,"11"
"684",86,"3",0,28,"Old regrowth",0.000127089495668786,"11"
"685",86,"5",0,28,"Old regrowth",0.000127089495668786,"11"
"686",86,"1",0,28,"Old regrowth",0.000127089495668786,"11"
"687",86,"7",0,28,"Old regrowth",0.000127089495668786,"11"
"688",86,"8",0,28,"Old regrowth",0.000127089495668786,"11"
"689",87,"4",0,28,"Old regrowth",0.000127089495668786,"11"
"690",87,"3",0,28,"Old regrowth",0.000127089495668786,"11"
"691",87,"1",0,28,"Old regrowth",0.000127089495668786,"11"
"692",87,"2",0,28,"Old regrowth",0.000127089495668786,"11"
"693",87,"8",0,28,"Old regrowth",0.000127089495668786,"11"
"694",87,"6",2,28,"Old regrowth",0.000127089495668786,"11"
"695",87,"7",0,28,"Old regrowth",0.000127089495668786,"11"
"696",87,"5",0,28,"Old regrowth",0.000127089495668786,"11"
"697",88,"3",1,28,"Old regrowth",0.000127089495668786,"11"
"698",88,"4",0,28,"Old regrowth",0.000127089495668786,"11"
"699",88,"5",1,28,"Old regrowth",0.000127089495668786,"11"
"700",88,"6",2,28,"Old regrowth",0.000127089495668786,"11"
"701",88,"1",0,28,"Old regrowth",0.000127089495668786,"11"
"702",88,"2",0,28,"Old regrowth",0.000127089495668786,"11"
"703",88,"8",0,28,"Old regrowth",0.000127089495668786,"11"
"704",88,"7",1,28,"Old regrowth",0.000127089495668786,"11"
"705",89,"4",0,28,"Old regrowth",-0.574635154666433,"11"
"706",89,"1",0,28,"Old regrowth",-0.574635154666433,"11"
"707",89,"2",0,28,"Old regrowth",-0.574635154666433,"11"
"708",89,"3",0,28,"Old regrowth",-0.574635154666433,"11"
"709",89,"6",2,28,"Old regrowth",-0.574635154666433,"11"
"710",89,"7",1,28,"Old regrowth",-0.574635154666433,"11"
"711",89,"8",0,28,"Old regrowth",-0.574635154666433,"11"
"712",89,"5",1,28,"Old regrowth",-0.574635154666433,"11"
"713",90,"4",0,29,"Remnant",0.000127089495668786,"12"
"714",90,"2",0,29,"Remnant",0.000127089495668786,"12"
"715",90,"6",4,29,"Remnant",0.000127089495668786,"12"
"716",90,"1",1,29,"Remnant",0.000127089495668786,"12"
"717",90,"8",0,29,"Remnant",0.000127089495668786,"12"
"718",90,"3",0,29,"Remnant",0.000127089495668786,"12"
"719",90,"7",1,29,"Remnant",0.000127089495668786,"12"
"720",90,"5",1,29,"Remnant",0.000127089495668786,"12"
"721",91,"3",0,29,"Remnant",0.000127089495668786,"12"
"722",91,"4",0,29,"Remnant",0.000127089495668786,"12"
"723",91,"2",0,29,"Remnant",0.000127089495668786,"12"
"724",91,"1",1,29,"Remnant",0.000127089495668786,"12"
"725",91,"8",0,29,"Remnant",0.000127089495668786,"12"
"726",91,"6",2,29,"Remnant",0.000127089495668786,"12"
"727",91,"7",1,29,"Remnant",0.000127089495668786,"12"
"728",91,"5",1,29,"Remnant",0.000127089495668786,"12"
"729",92,"4",1,29,"Remnant",0.000127089495668786,"12"
"730",92,"2",0,29,"Remnant",0.000127089495668786,"12"
"731",92,"8",0,29,"Remnant",0.000127089495668786,"12"
"732",92,"3",0,29,"Remnant",0.000127089495668786,"12"
"733",92,"6",3,29,"Remnant",0.000127089495668786,"12"
"734",92,"1",1,29,"Remnant",0.000127089495668786,"12"
"735",92,"5",2,29,"Remnant",0.000127089495668786,"12"
"736",92,"7",3,29,"Remnant",0.000127089495668786,"12"
"737",93,"4",0,30,"Old regrowth",-0.574635154666433,"12"
"738",93,"2",0,30,"Old regrowth",-0.574635154666433,"12"
"739",93,"6",2,30,"Old regrowth",-0.574635154666433,"12"
"740",93,"1",1,30,"Old regrowth",-0.574635154666433,"12"
"741",93,"8",0,30,"Old regrowth",-0.574635154666433,"12"
"742",93,"3",0,30,"Old regrowth",-0.574635154666433,"12"
"743",93,"7",1,30,"Old regrowth",-0.574635154666433,"12"
"744",93,"5",1,30,"Old regrowth",-0.574635154666433,"12"
"745",94,"3",0,30,"Old regrowth",-0.574635154666433,"12"
"746",94,"1",0,30,"Old regrowth",-0.574635154666433,"12"
"747",94,"4",1,30,"Old regrowth",-0.574635154666433,"12"
"748",94,"7",1,30,"Old regrowth",-0.574635154666433,"12"
"749",94,"2",0,30,"Old regrowth",-0.574635154666433,"12"
"750",94,"6",2,30,"Old regrowth",-0.574635154666433,"12"
"751",94,"8",0,30,"Old regrowth",-0.574635154666433,"12"
"752",94,"5",1,30,"Old regrowth",-0.574635154666433,"12"
"753",95,"4",1,30,"Old regrowth",-0.574635154666433,"12"
"754",95,"1",0,30,"Old regrowth",-0.574635154666433,"12"
"755",95,"3",0,30,"Old regrowth",-0.574635154666433,"12"
"756",95,"7",1,30,"Old regrowth",-0.574635154666433,"12"
"757",95,"2",0,30,"Old regrowth",-0.574635154666433,"12"
"758",95,"5",0,30,"Old regrowth",-0.574635154666433,"12"
"759",95,"8",0,30,"Old regrowth",-0.574635154666433,"12"
"760",95,"6",2,30,"Old regrowth",-0.574635154666433,"12"
"761",96,"4",0,31,"Old regrowth",-1.0216724556814,"3"
"762",96,"2",0,31,"Old regrowth",-1.0216724556814,"3"
"763",96,"6",1,31,"Old regrowth",-1.0216724556814,"3"
"764",96,"1",0,31,"Old regrowth",-1.0216724556814,"3"
"765",96,"8",0,31,"Old regrowth",-1.0216724556814,"3"
"766",96,"3",0,31,"Old regrowth",-1.0216724556814,"3"
"767",96,"7",0,31,"Old regrowth",-1.0216724556814,"3"
"768",96,"5",0,31,"Old regrowth",-1.0216724556814,"3"
"769",97,"2",1,32,"Young regrowth",-1.0216724556814,"12"
"770",97,"4",0,32,"Young regrowth",-1.0216724556814,"12"
"771",97,"8",0,32,"Young regrowth",-1.0216724556814,"12"
"772",97,"3",0,32,"Young regrowth",-1.0216724556814,"12"
"773",97,"6",1,32,"Young regrowth",-1.0216724556814,"12"
"774",97,"1",0,32,"Young regrowth",-1.0216724556814,"12"
"775",97,"7",1,32,"Young regrowth",-1.0216724556814,"12"
"776",97,"5",0,32,"Young regrowth",-1.0216724556814,"12"
"777",98,"4",0,32,"Young regrowth",-1.0216724556814,"12"
"778",98,"2",0,32,"Young regrowth",-1.0216724556814,"12"
"779",98,"3",0,32,"Young regrowth",-1.0216724556814,"12"
"780",98,"1",1,32,"Young regrowth",-1.0216724556814,"12"
"781",98,"8",0,32,"Young regrowth",-1.0216724556814,"12"
"782",98,"7",1,32,"Young regrowth",-1.0216724556814,"12"
"783",98,"5",1,32,"Young regrowth",-1.0216724556814,"12"
"784",98,"6",1,32,"Young regrowth",-1.0216724556814,"12"
"785",99,"4",0,32,"Young regrowth",-1.0216724556814,"12"
"786",99,"2",0,32,"Young regrowth",-1.0216724556814,"12"
"787",99,"6",1,32,"Young regrowth",-1.0216724556814,"12"
"788",99,"1",0,32,"Young regrowth",-1.0216724556814,"12"
"789",99,"8",0,32,"Young regrowth",-1.0216724556814,"12"
"790",99,"3",0,32,"Young regrowth",-1.0216724556814,"12"
"791",99,"7",0,32,"Young regrowth",-1.0216724556814,"12"
"792",99,"5",1,32,"Young regrowth",-1.0216724556814,"12"
"793",100,"4",0,32,"Young regrowth",-1.0216724556814,"12"
"794",100,"1",0,32,"Young regrowth",-1.0216724556814,"12"
"795",100,"2",2,32,"Young regrowth",-1.0216724556814,"12"
"796",100,"3",0,32,"Young regrowth",-1.0216724556814,"12"
"797",100,"6",1,32,"Young regrowth",-1.0216724556814,"12"
"798",100,"7",1,32,"Young regrowth",-1.0216724556814,"12"
"799",100,"8",0,32,"Young regrowth",-1.0216724556814,"12"
"800",100,"5",1,32,"Young regrowth",-1.0216724556814,"12"
"801",101,"1",0,33,"Planting",1.46896393568771,"12"
"802",101,"4",0,33,"Planting",1.46896393568771,"12"
"803",101,"6",2,33,"Planting",1.46896393568771,"12"
"804",101,"7",0,33,"Planting",1.46896393568771,"12"
"805",101,"2",0,33,"Planting",1.46896393568771,"12"
"806",101,"3",0,33,"Planting",1.46896393568771,"12"
"807",101,"5",0,33,"Planting",1.46896393568771,"12"
"808",101,"8",0,33,"Planting",1.46896393568771,"12"
"809",102,"4",0,33,"Planting",1.46896393568771,"12"
"810",102,"1",0,33,"Planting",1.46896393568771,"12"
"811",102,"2",0,33,"Planting",1.46896393568771,"12"
"812",102,"3",0,33,"Planting",1.46896393568771,"12"
"813",102,"6",3,33,"Planting",1.46896393568771,"12"
"814",102,"7",0,33,"Planting",1.46896393568771,"12"
"815",102,"8",0,33,"Planting",1.46896393568771,"12"
"816",102,"5",0,33,"Planting",1.46896393568771,"12"
"817",103,"4",1,33,"Planting",1.46896393568771,"12"
"818",103,"2",0,33,"Planting",1.46896393568771,"12"
"819",103,"6",5,33,"Planting",1.46896393568771,"12"
"820",103,"1",0,33,"Planting",1.46896393568771,"12"
"821",103,"8",0,33,"Planting",1.46896393568771,"12"
"822",103,"3",0,33,"Planting",1.46896393568771,"12"
"823",103,"7",0,33,"Planting",1.46896393568771,"12"
"824",103,"5",0,33,"Planting",1.46896393568771,"12"
"825",104,"3",0,34,"Planting",2.49076348086478,"3"
"826",104,"4",1,34,"Planting",2.49076348086478,"3"
"827",104,"2",0,34,"Planting",2.49076348086478,"3"
"828",104,"1",0,34,"Planting",2.49076348086478,"3"
"829",104,"8",1,34,"Planting",2.49076348086478,"3"
"830",104,"6",2,34,"Planting",2.49076348086478,"3"
"831",104,"7",0,34,"Planting",2.49076348086478,"3"
"832",104,"5",0,34,"Planting",2.49076348086478,"3"
"833",105,"4",1,34,"Planting",2.49076348086478,"3"
"834",105,"2",0,34,"Planting",2.49076348086478,"3"
"835",105,"8",1,34,"Planting",2.49076348086478,"3"
"836",105,"3",0,34,"Planting",2.49076348086478,"3"
"837",105,"6",4,34,"Planting",2.49076348086478,"3"
"838",105,"1",0,34,"Planting",2.49076348086478,"3"
"839",105,"5",0,34,"Planting",2.49076348086478,"3"
"840",105,"7",1,34,"Planting",2.49076348086478,"3"
"841",106,"4",1,34,"Planting",2.49076348086478,"3"
"842",106,"2",0,34,"Planting",2.49076348086478,"3"
"843",106,"6",3,34,"Planting",2.49076348086478,"3"
"844",106,"1",0,34,"Planting",2.49076348086478,"3"
"845",106,"8",1,34,"Planting",2.49076348086478,"3"
"846",106,"3",0,34,"Planting",2.49076348086478,"3"
"847",106,"7",0,34,"Planting",2.49076348086478,"3"
"848",106,"5",0,34,"Planting",2.49076348086478,"3"
"849",107,"3",0,35,"Young regrowth",-1.34098481354923,"9-10"
"850",107,"1",0,35,"Young regrowth",-1.34098481354923,"9-10"
"851",107,"4",1,35,"Young regrowth",-1.34098481354923,"9-10"
"852",107,"7",1,35,"Young regrowth",-1.34098481354923,"9-10"
"853",107,"2",0,35,"Young regrowth",-1.34098481354923,"9-10"
"854",107,"6",4,35,"Young regrowth",-1.34098481354923,"9-10"
"855",107,"8",0,35,"Young regrowth",-1.34098481354923,"9-10"
"856",107,"5",0,35,"Young regrowth",-1.34098481354923,"9-10"
"857",108,"4",0,35,"Young regrowth",-1.34098481354923,"9-10"
"858",108,"1",0,35,"Young regrowth",-1.34098481354923,"9-10"
"859",108,"3",0,35,"Young regrowth",-1.34098481354923,"9-10"
"860",108,"7",1,35,"Young regrowth",-1.34098481354923,"9-10"
"861",108,"2",0,35,"Young regrowth",-1.34098481354923,"9-10"
"862",108,"5",0,35,"Young regrowth",-1.34098481354923,"9-10"
"863",108,"8",0,35,"Young regrowth",-1.34098481354923,"9-10"
"864",108,"6",4,35,"Young regrowth",-1.34098481354923,"9-10"
"865",109,"4",1,36,"Planting",-0.0637353820778981,"9-10"
"866",109,"2",0,36,"Planting",-0.0637353820778981,"9-10"
"867",109,"6",3,36,"Planting",-0.0637353820778981,"9-10"
"868",109,"1",0,36,"Planting",-0.0637353820778981,"9-10"
"869",109,"8",0,36,"Planting",-0.0637353820778981,"9-10"
"870",109,"3",0,36,"Planting",-0.0637353820778981,"9-10"
"871",109,"7",0,36,"Planting",-0.0637353820778981,"9-10"
"872",109,"5",0,36,"Planting",-0.0637353820778981,"9-10"
"873",110,"2",0,36,"Planting",-0.0637353820778981,"9-10"
"874",110,"4",1,36,"Planting",-0.0637353820778981,"9-10"
"875",110,"8",0,36,"Planting",-0.0637353820778981,"9-10"
"876",110,"3",0,36,"Planting",-0.0637353820778981,"9-10"
"877",110,"6",4,36,"Planting",-0.0637353820778981,"9-10"
"878",110,"1",0,36,"Planting",-0.0637353820778981,"9-10"
"879",110,"7",0,36,"Planting",-0.0637353820778981,"9-10"
"880",110,"5",0,36,"Planting",-0.0637353820778981,"9-10"
"881",111,"4",1,36,"Planting",-0.0637353820778981,"9-10"
"882",111,"2",0,36,"Planting",-0.0637353820778981,"9-10"
"883",111,"3",0,36,"Planting",-0.0637353820778981,"9-10"
"884",111,"1",0,36,"Planting",-0.0637353820778981,"9-10"
"885",111,"8",0,36,"Planting",-0.0637353820778981,"9-10"
"886",111,"7",0,36,"Planting",-0.0637353820778981,"9-10"
"887",111,"5",0,36,"Planting",-0.0637353820778981,"9-10"
"888",111,"6",4,36,"Planting",-0.0637353820778981,"9-10"
"889",112,"4",1,37,"Planting",-0.0637353820778981,"9-10"
"890",112,"2",0,37,"Planting",-0.0637353820778981,"9-10"
"891",112,"6",3,37,"Planting",-0.0637353820778981,"9-10"
"892",112,"1",1,37,"Planting",-0.0637353820778981,"9-10"
"893",112,"8",0,37,"Planting",-0.0637353820778981,"9-10"
"894",112,"3",0,37,"Planting",-0.0637353820778981,"9-10"
"895",112,"7",0,37,"Planting",-0.0637353820778981,"9-10"
"896",112,"5",1,37,"Planting",-0.0637353820778981,"9-10"
"897",113,"4",1,37,"Planting",-0.0637353820778981,"9-10"
"898",113,"1",2,37,"Planting",-0.0637353820778981,"9-10"
"899",113,"2",0,37,"Planting",-0.0637353820778981,"9-10"
"900",113,"3",0,37,"Planting",-0.0637353820778981,"9-10"
"901",113,"6",1,37,"Planting",-0.0637353820778981,"9-10"
"902",113,"7",0,37,"Planting",-0.0637353820778981,"9-10"
"903",113,"8",0,37,"Planting",-0.0637353820778981,"9-10"
"904",113,"5",1,37,"Planting",-0.0637353820778981,"9-10"
"905",114,"2",0,37,"Planting",-0.0637353820778981,"9-10"
"906",114,"1",0,37,"Planting",-0.0637353820778981,"9-10"
"907",114,"7",0,37,"Planting",-0.0637353820778981,"9-10"
"908",114,"8",0,37,"Planting",-0.0637353820778981,"9-10"
"909",114,"3",0,37,"Planting",-0.0637353820778981,"9-10"
"910",114,"4",2,37,"Planting",-0.0637353820778981,"9-10"
"911",114,"5",0,37,"Planting",-0.0637353820778981,"9-10"
"912",114,"6",2,37,"Planting",-0.0637353820778981,"9-10"
"913",115,"4",1,38,"Planting",0.702614276804904,"12"
"914",115,"2",0,38,"Planting",0.702614276804904,"12"
"915",115,"3",0,38,"Planting",0.702614276804904,"12"
"916",115,"1",0,38,"Planting",0.702614276804904,"12"
"917",115,"7",0,38,"Planting",0.702614276804904,"12"
"918",115,"8",0,38,"Planting",0.702614276804904,"12"
"919",115,"6",1,38,"Planting",0.702614276804904,"12"
"920",115,"5",0,38,"Planting",0.702614276804904,"12"
"921",116,"1",1,39,"Remnant",0.702614276804904,"5"
"922",116,"2",0,39,"Remnant",0.702614276804904,"5"
"923",116,"8",0,39,"Remnant",0.702614276804904,"5"
"924",116,"4",1,39,"Remnant",0.702614276804904,"5"
"925",116,"6",2,39,"Remnant",0.702614276804904,"5"
"926",116,"7",1,39,"Remnant",0.702614276804904,"5"
"927",116,"5",1,39,"Remnant",0.702614276804904,"5"
"928",116,"3",0,39,"Remnant",0.702614276804904,"5"
"929",117,"3",0,39,"Remnant",0.702614276804904,"5"
"930",117,"4",1,39,"Remnant",0.702614276804904,"5"
"931",117,"7",1,39,"Remnant",0.702614276804904,"5"
"932",117,"8",0,39,"Remnant",0.702614276804904,"5"
"933",117,"6",1,39,"Remnant",0.702614276804904,"5"
"934",117,"1",0,39,"Remnant",0.702614276804904,"5"
"935",117,"5",1,39,"Remnant",0.702614276804904,"5"
"936",117,"2",0,39,"Remnant",0.702614276804904,"5"
"937",118,"4",0,39,"Remnant",0.702614276804904,"5"
"938",118,"8",0,39,"Remnant",0.702614276804904,"5"
"939",118,"3",0,39,"Remnant",0.702614276804904,"5"
"940",118,"7",1,39,"Remnant",0.702614276804904,"5"
"941",118,"2",0,39,"Remnant",0.702614276804904,"5"
"942",118,"1",0,39,"Remnant",0.702614276804904,"5"
"943",118,"6",1,39,"Remnant",0.702614276804904,"5"
"944",118,"5",1,39,"Remnant",0.702614276804904,"5"
"945",119,"6",1,39,"Remnant",0.702614276804904,"5"
"946",119,"8",0,39,"Remnant",0.702614276804904,"5"
"947",119,"4",0,39,"Remnant",0.702614276804904,"5"
"948",119,"2",0,39,"Remnant",0.702614276804904,"5"
"949",119,"7",1,39,"Remnant",0.702614276804904,"5"
"950",119,"5",1,39,"Remnant",0.702614276804904,"5"
"951",119,"3",0,39,"Remnant",0.702614276804904,"5"
"952",119,"1",0,39,"Remnant",0.702614276804904,"5"
"953",120,"7",1,40,"Young regrowth",-1.34098481354923,"5"
"954",120,"3",0,40,"Young regrowth",-1.34098481354923,"5"
"955",120,"6",0,40,"Young regrowth",-1.34098481354923,"5"
"956",120,"5",1,40,"Young regrowth",-1.34098481354923,"5"
"957",120,"8",0,40,"Young regrowth",-1.34098481354923,"5"
"958",120,"4",0,40,"Young regrowth",-1.34098481354923,"5"
"959",120,"2",0,40,"Young regrowth",-1.34098481354923,"5"
"960",120,"1",0,40,"Young regrowth",-1.34098481354923,"5"
"961",121,"5",1,40,"Young regrowth",-1.34098481354923,"5"
"962",121,"8",0,40,"Young regrowth",-1.34098481354923,"5"
"963",121,"6",0,40,"Young regrowth",-1.34098481354923,"5"
"964",121,"7",1,40,"Young regrowth",-1.34098481354923,"5"
"965",121,"4",0,40,"Young regrowth",-1.34098481354923,"5"
"966",121,"3",0,40,"Young regrowth",-1.34098481354923,"5"
"967",121,"2",0,40,"Young regrowth",-1.34098481354923,"5"
"968",121,"1",0,40,"Young regrowth",-1.34098481354923,"5"
"969",122,"7",1,40,"Young regrowth",-1.34098481354923,"5"
"970",122,"5",1,40,"Young regrowth",-1.34098481354923,"5"
"971",122,"6",0,40,"Young regrowth",-1.34098481354923,"5"
"972",122,"3",0,40,"Young regrowth",-1.34098481354923,"5"
"973",122,"2",0,40,"Young regrowth",-1.34098481354923,"5"
"974",122,"8",0,40,"Young regrowth",-1.34098481354923,"5"
"975",122,"1",0,40,"Young regrowth",-1.34098481354923,"5"
"976",122,"4",0,40,"Young regrowth",-1.34098481354923,"5"
"977",123,"8",0,41,"Young regrowth",0.702614276804904,"9-10"
"978",123,"7",2,41,"Young regrowth",0.702614276804904,"9-10"
"979",123,"2",0,41,"Young regrowth",0.702614276804904,"9-10"
"980",123,"4",0,41,"Young regrowth",0.702614276804904,"9-10"
"981",123,"6",1,41,"Young regrowth",0.702614276804904,"9-10"
"982",123,"1",0,41,"Young regrowth",0.702614276804904,"9-10"
"983",123,"5",0,41,"Young regrowth",0.702614276804904,"9-10"
"984",123,"3",0,41,"Young regrowth",0.702614276804904,"9-10"
"985",124,"2",0,41,"Young regrowth",0.702614276804904,"9-10"
"986",124,"5",0,41,"Young regrowth",0.702614276804904,"9-10"
"987",124,"8",0,41,"Young regrowth",0.702614276804904,"9-10"
"988",124,"4",0,41,"Young regrowth",0.702614276804904,"9-10"
"989",124,"7",1,41,"Young regrowth",0.702614276804904,"9-10"
"990",124,"1",0,41,"Young regrowth",0.702614276804904,"9-10"
"991",124,"3",0,41,"Young regrowth",0.702614276804904,"9-10"
"992",124,"6",1,41,"Young regrowth",0.702614276804904,"9-10"
"993",125,"4",0,41,"Young regrowth",0.702614276804904,"9-10"
"994",125,"7",2,41,"Young regrowth",0.702614276804904,"9-10"
"995",125,"6",1,41,"Young regrowth",0.702614276804904,"9-10"
"996",125,"2",0,41,"Young regrowth",0.702614276804904,"9-10"
"997",125,"3",0,41,"Young regrowth",0.702614276804904,"9-10"
"998",125,"5",0,41,"Young regrowth",0.702614276804904,"9-10"
"999",125,"1",0,41,"Young regrowth",0.702614276804904,"9-10"
"1000",125,"8",0,41,"Young regrowth",0.702614276804904,"9-10"
"1001",126,"4",0,42,"Old regrowth",-1.0216724556814,"12"
"1002",126,"2",0,42,"Old regrowth",-1.0216724556814,"12"
"1003",126,"3",0,42,"Old regrowth",-1.0216724556814,"12"
"1004",126,"5",0,42,"Old regrowth",-1.0216724556814,"12"
"1005",126,"1",0,42,"Old regrowth",-1.0216724556814,"12"
"1006",126,"7",1,42,"Old regrowth",-1.0216724556814,"12"
"1007",126,"6",1,42,"Old regrowth",-1.0216724556814,"12"
"1008",126,"8",0,42,"Old regrowth",-1.0216724556814,"12"
"1009",127,"5",0,43,"Young regrowth",-1.34098481354923,"12"
"1010",127,"2",0,43,"Young regrowth",-1.34098481354923,"12"
"1011",127,"4",0,43,"Young regrowth",-1.34098481354923,"12"
"1012",127,"3",0,43,"Young regrowth",-1.34098481354923,"12"
"1013",127,"6",1,43,"Young regrowth",-1.34098481354923,"12"
"1014",127,"1",1,43,"Young regrowth",-1.34098481354923,"12"
"1015",127,"8",0,43,"Young regrowth",-1.34098481354923,"12"
"1016",127,"7",0,43,"Young regrowth",-1.34098481354923,"12"
"1017",128,"1",1,43,"Young regrowth",-1.34098481354923,"12"
"1018",128,"6",1,43,"Young regrowth",-1.34098481354923,"12"
"1019",128,"7",1,43,"Young regrowth",-1.34098481354923,"12"
"1020",128,"2",0,43,"Young regrowth",-1.34098481354923,"12"
"1021",128,"5",0,43,"Young regrowth",-1.34098481354923,"12"
"1022",128,"3",0,43,"Young regrowth",-1.34098481354923,"12"
"1023",128,"8",0,43,"Young regrowth",-1.34098481354923,"12"
"1024",128,"4",0,43,"Young regrowth",-1.34098481354923,"12"
"1025",129,"2",0,43,"Young regrowth",-1.34098481354923,"12"
"1026",129,"8",0,43,"Young regrowth",-1.34098481354923,"12"
"1027",129,"5",0,43,"Young regrowth",-1.34098481354923,"12"
"1028",129,"6",1,43,"Young regrowth",-1.34098481354923,"12"
"1029",129,"1",1,43,"Young regrowth",-1.34098481354923,"12"
"1030",129,"4",0,43,"Young regrowth",-1.34098481354923,"12"
"1031",129,"3",0,43,"Young regrowth",-1.34098481354923,"12"
"1032",129,"7",0,43,"Young regrowth",-1.34098481354923,"12"
"1033",130,"2",0,44,"Remnant",-0.574635154666433,"5"
"1034",130,"6",2,44,"Remnant",-0.574635154666433,"5"
"1035",130,"1",1,44,"Remnant",-0.574635154666433,"5"
"1036",130,"8",0,44,"Remnant",-0.574635154666433,"5"
"1037",130,"5",1,44,"Remnant",-0.574635154666433,"5"
"1038",130,"3",0,44,"Remnant",-0.574635154666433,"5"
"1039",130,"7",0,44,"Remnant",-0.574635154666433,"5"
"1040",130,"4",0,44,"Remnant",-0.574635154666433,"5"
"1041",131,"2",0,44,"Remnant",-0.574635154666433,"5"
"1042",131,"8",0,44,"Remnant",-0.574635154666433,"5"
"1043",131,"5",0,44,"Remnant",-0.574635154666433,"5"
"1044",131,"6",2,44,"Remnant",-0.574635154666433,"5"
"1045",131,"1",1,44,"Remnant",-0.574635154666433,"5"
"1046",131,"4",0,44,"Remnant",-0.574635154666433,"5"
"1047",131,"3",0,44,"Remnant",-0.574635154666433,"5"
"1048",131,"7",0,44,"Remnant",-0.574635154666433,"5"
"1049",132,"8",0,44,"Remnant",-0.574635154666433,"5"
"1050",132,"2",0,44,"Remnant",-0.574635154666433,"5"
"1051",132,"1",0,44,"Remnant",-0.574635154666433,"5"
"1052",132,"4",0,44,"Remnant",-0.574635154666433,"5"
"1053",132,"5",0,44,"Remnant",-0.574635154666433,"5"
"1054",132,"6",2,44,"Remnant",-0.574635154666433,"5"
"1055",132,"7",1,44,"Remnant",-0.574635154666433,"5"
"1056",132,"3",0,44,"Remnant",-0.574635154666433,"5"
"1057",133,"8",0,44,"Remnant",-0.574635154666433,"5"
"1058",133,"4",0,44,"Remnant",-0.574635154666433,"5"
"1059",133,"2",0,44,"Remnant",-0.574635154666433,"5"
"1060",133,"1",0,44,"Remnant",-0.574635154666433,"5"
"1061",133,"5",0,44,"Remnant",-0.574635154666433,"5"
"1062",133,"6",2,44,"Remnant",-0.574635154666433,"5"
"1063",133,"7",1,44,"Remnant",-0.574635154666433,"5"
"1064",133,"3",0,44,"Remnant",-0.574635154666433,"5"
"1065",134,"8",0,45,"Planting",1.46896393568771,"5"
"1066",134,"1",0,45,"Planting",1.46896393568771,"5"
"1067",134,"4",0,45,"Planting",1.46896393568771,"5"
"1068",134,"5",0,45,"Planting",1.46896393568771,"5"
"1069",134,"7",2,45,"Planting",1.46896393568771,"5"
"1070",134,"2",0,45,"Planting",1.46896393568771,"5"
"1071",134,"3",0,45,"Planting",1.46896393568771,"5"
"1072",134,"6",1,45,"Planting",1.46896393568771,"5"
"1073",135,"2",0,45,"Planting",1.46896393568771,"5"
"1074",135,"8",0,45,"Planting",1.46896393568771,"5"
"1075",135,"1",1,45,"Planting",1.46896393568771,"5"
"1076",135,"4",0,45,"Planting",1.46896393568771,"5"
"1077",135,"6",2,45,"Planting",1.46896393568771,"5"
"1078",135,"7",1,45,"Planting",1.46896393568771,"5"
"1079",135,"5",0,45,"Planting",1.46896393568771,"5"
"1080",135,"3",0,45,"Planting",1.46896393568771,"5"
"1081",136,"2",0,45,"Planting",1.46896393568771,"5"
"1082",136,"4",0,45,"Planting",1.46896393568771,"5"
"1083",136,"6",1,45,"Planting",1.46896393568771,"5"
"1084",136,"8",0,45,"Planting",1.46896393568771,"5"
"1085",136,"5",0,45,"Planting",1.46896393568771,"5"
"1086",136,"3",1,45,"Planting",1.46896393568771,"5"
"1087",136,"1",0,45,"Planting",1.46896393568771,"5"
"1088",136,"7",2,45,"Planting",1.46896393568771,"5"
"1089",137,"2",0,45,"Planting",1.46896393568771,"5"
"1090",137,"1",0,45,"Planting",1.46896393568771,"5"
"1091",137,"8",0,45,"Planting",1.46896393568771,"5"
"1092",137,"5",0,45,"Planting",1.46896393568771,"5"
"1093",137,"7",3,45,"Planting",1.46896393568771,"5"
"1094",137,"4",0,45,"Planting",1.46896393568771,"5"
"1095",137,"6",1,45,"Planting",1.46896393568771,"5"
"1096",137,"3",0,45,"Planting",1.46896393568771,"5"
"1097",138,"8",0,46,"Planting",0.702614276804904,"5"
"1098",138,"2",0,46,"Planting",0.702614276804904,"5"
"1099",138,"1",0,46,"Planting",0.702614276804904,"5"
"1100",138,"4",0,46,"Planting",0.702614276804904,"5"
"1101",138,"5",0,46,"Planting",0.702614276804904,"5"
"1102",138,"6",1,46,"Planting",0.702614276804904,"5"
"1103",138,"7",1,46,"Planting",0.702614276804904,"5"
"1104",138,"3",0,46,"Planting",0.702614276804904,"5"
"1105",139,"2",0,46,"Planting",0.702614276804904,"5"
"1106",139,"8",0,46,"Planting",0.702614276804904,"5"
"1107",139,"6",1,46,"Planting",0.702614276804904,"5"
"1108",139,"1",0,46,"Planting",0.702614276804904,"5"
"1109",139,"4",0,46,"Planting",0.702614276804904,"5"
"1110",139,"5",0,46,"Planting",0.702614276804904,"5"
"1111",139,"7",1,46,"Planting",0.702614276804904,"5"
"1112",139,"3",0,46,"Planting",0.702614276804904,"5"
"1113",140,"4",0,47,"Remnant",1.46896393568771,"11"
"1114",140,"2",0,47,"Remnant",1.46896393568771,"11"
"1115",140,"8",0,47,"Remnant",1.46896393568771,"11"
"1116",140,"6",4,47,"Remnant",1.46896393568771,"11"
"1117",140,"1",1,47,"Remnant",1.46896393568771,"11"
"1118",140,"5",0,47,"Remnant",1.46896393568771,"11"
"1119",140,"3",0,47,"Remnant",1.46896393568771,"11"
"1120",140,"7",2,47,"Remnant",1.46896393568771,"11"
"1121",141,"2",0,47,"Remnant",1.46896393568771,"11"
"1122",141,"1",0,47,"Remnant",1.46896393568771,"11"
"1123",141,"7",1,47,"Remnant",1.46896393568771,"11"
"1124",141,"8",0,47,"Remnant",1.46896393568771,"11"
"1125",141,"5",1,47,"Remnant",1.46896393568771,"11"
"1126",141,"6",4,47,"Remnant",1.46896393568771,"11"
"1127",141,"3",0,47,"Remnant",1.46896393568771,"11"
"1128",141,"4",1,47,"Remnant",1.46896393568771,"11"
"1129",142,"2",0,47,"Remnant",1.46896393568771,"11"
"1130",142,"8",0,47,"Remnant",1.46896393568771,"11"
"1131",142,"5",1,47,"Remnant",1.46896393568771,"11"
"1132",142,"6",5,47,"Remnant",1.46896393568771,"11"
"1133",142,"1",1,47,"Remnant",1.46896393568771,"11"
"1134",142,"4",0,47,"Remnant",1.46896393568771,"11"
"1135",142,"3",0,47,"Remnant",1.46896393568771,"11"
"1136",142,"7",0,47,"Remnant",1.46896393568771,"11"
"1137",143,"2",0,47,"Remnant",1.46896393568771,"11"
"1138",143,"6",5,47,"Remnant",1.46896393568771,"11"
"1139",143,"1",1,47,"Remnant",1.46896393568771,"11"
"1140",143,"8",0,47,"Remnant",1.46896393568771,"11"
"1141",143,"5",1,47,"Remnant",1.46896393568771,"11"
"1142",143,"3",0,47,"Remnant",1.46896393568771,"11"
"1143",143,"7",1,47,"Remnant",1.46896393568771,"11"
"1144",143,"4",2,47,"Remnant",1.46896393568771,"11"
"1145",144,"2",0,48,"Young regrowth",-0.574635154666433,"11"
"1146",144,"8",0,48,"Young regrowth",-0.574635154666433,"11"
"1147",144,"5",1,48,"Young regrowth",-0.574635154666433,"11"
"1148",144,"6",2,48,"Young regrowth",-0.574635154666433,"11"
"1149",144,"1",0,48,"Young regrowth",-0.574635154666433,"11"
"1150",144,"4",0,48,"Young regrowth",-0.574635154666433,"11"
"1151",144,"3",0,48,"Young regrowth",-0.574635154666433,"11"
"1152",144,"7",0,48,"Young regrowth",-0.574635154666433,"11"
"1153",145,"8",0,48,"Young regrowth",-0.574635154666433,"11"
"1154",145,"2",0,48,"Young regrowth",-0.574635154666433,"11"
"1155",145,"1",0,48,"Young regrowth",-0.574635154666433,"11"
"1156",145,"4",0,48,"Young regrowth",-0.574635154666433,"11"
"1157",145,"5",0,48,"Young regrowth",-0.574635154666433,"11"
"1158",145,"6",4,48,"Young regrowth",-0.574635154666433,"11"
"1159",145,"7",0,48,"Young regrowth",-0.574635154666433,"11"
"1160",145,"3",0,48,"Young regrowth",-0.574635154666433,"11"
"1161",146,"8",0,48,"Young regrowth",-0.574635154666433,"11"
"1162",146,"4",0,48,"Young regrowth",-0.574635154666433,"11"
"1163",146,"2",0,48,"Young regrowth",-0.574635154666433,"11"
"1164",146,"1",0,48,"Young regrowth",-0.574635154666433,"11"
"1165",146,"5",1,48,"Young regrowth",-0.574635154666433,"11"
"1166",146,"6",4,48,"Young regrowth",-0.574635154666433,"11"
"1167",146,"7",0,48,"Young regrowth",-0.574635154666433,"11"
"1168",146,"3",0,48,"Young regrowth",-0.574635154666433,"11"
"1169",147,"8",0,49,"Remnant",-1.0216724556814,"5"
"1170",147,"1",0,49,"Remnant",-1.0216724556814,"5"
"1171",147,"4",0,49,"Remnant",-1.0216724556814,"5"
"1172",147,"5",1,49,"Remnant",-1.0216724556814,"5"
"1173",147,"7",3,49,"Remnant",-1.0216724556814,"5"
"1174",147,"2",0,49,"Remnant",-1.0216724556814,"5"
"1175",147,"3",0,49,"Remnant",-1.0216724556814,"5"
"1176",147,"6",0,49,"Remnant",-1.0216724556814,"5"
"1177",148,"2",0,49,"Remnant",-1.0216724556814,"5"
"1178",148,"8",0,49,"Remnant",-1.0216724556814,"5"
"1179",148,"1",0,49,"Remnant",-1.0216724556814,"5"
"1180",148,"4",0,49,"Remnant",-1.0216724556814,"5"
"1181",148,"6",0,49,"Remnant",-1.0216724556814,"5"
"1182",148,"7",4,49,"Remnant",-1.0216724556814,"5"
"1183",148,"5",1,49,"Remnant",-1.0216724556814,"5"
"1184",148,"3",1,49,"Remnant",-1.0216724556814,"5"
"1185",149,"2",0,49,"Remnant",-1.0216724556814,"5"
"1186",149,"4",0,49,"Remnant",-1.0216724556814,"5"
"1187",149,"6",0,49,"Remnant",-1.0216724556814,"5"
"1188",149,"8",0,49,"Remnant",-1.0216724556814,"5"
"1189",149,"5",1,49,"Remnant",-1.0216724556814,"5"
"1190",149,"3",0,49,"Remnant",-1.0216724556814,"5"
"1191",149,"1",0,49,"Remnant",-1.0216724556814,"5"
"1192",149,"7",3,49,"Remnant",-1.0216724556814,"5"
"1193",150,"2",0,49,"Remnant",-1.0216724556814,"5"
"1194",150,"1",0,49,"Remnant",-1.0216724556814,"5"
"1195",150,"8",0,49,"Remnant",-1.0216724556814,"5"
"1196",150,"5",1,49,"Remnant",-1.0216724556814,"5"
"1197",150,"7",2,49,"Remnant",-1.0216724556814,"5"
"1198",150,"4",0,49,"Remnant",-1.0216724556814,"5"
"1199",150,"6",0,49,"Remnant",-1.0216724556814,"5"
"1200",150,"3",0,49,"Remnant",-1.0216724556814,"5"
"1201",151,"8",0,50,"Planting",2.49076348086478,"5"
"1202",151,"2",0,50,"Planting",2.49076348086478,"5"
"1203",151,"1",0,50,"Planting",2.49076348086478,"5"
"1204",151,"4",0,50,"Planting",2.49076348086478,"5"
"1205",151,"5",0,50,"Planting",2.49076348086478,"5"
"1206",151,"6",1,50,"Planting",2.49076348086478,"5"
"1207",151,"7",1,50,"Planting",2.49076348086478,"5"
"1208",151,"3",0,50,"Planting",2.49076348086478,"5"
"1209",152,"2",0,50,"Planting",2.87393831030618,"5"
"1210",152,"8",0,50,"Planting",2.87393831030618,"5"
"1211",152,"6",1,50,"Planting",2.87393831030618,"5"
"1212",152,"1",0,50,"Planting",2.87393831030618,"5"
"1213",152,"4",0,50,"Planting",2.87393831030618,"5"
"1214",152,"5",0,50,"Planting",2.87393831030618,"5"
"1215",152,"7",1,50,"Planting",2.87393831030618,"5"
"1216",152,"3",0,50,"Planting",2.87393831030618,"5"
"1217",153,"4",0,50,"Planting",2.49076348086478,"5"
"1218",153,"2",0,50,"Planting",2.49076348086478,"5"
"1219",153,"8",0,50,"Planting",2.49076348086478,"5"
"1220",153,"6",2,50,"Planting",2.49076348086478,"5"
"1221",153,"1",0,50,"Planting",2.49076348086478,"5"
"1222",153,"5",0,50,"Planting",2.49076348086478,"5"
"1223",153,"3",0,50,"Planting",2.49076348086478,"5"
"1224",153,"7",1,50,"Planting",2.49076348086478,"5"
"1225",154,"2",0,51,"Remnant",0.000127089495668786,"5"
"1226",154,"1",0,51,"Remnant",0.000127089495668786,"5"
"1227",154,"7",0,51,"Remnant",0.000127089495668786,"5"
"1228",154,"8",0,51,"Remnant",0.000127089495668786,"5"
"1229",154,"5",0,51,"Remnant",0.000127089495668786,"5"
"1230",154,"6",2,51,"Remnant",0.000127089495668786,"5"
"1231",154,"3",0,51,"Remnant",0.000127089495668786,"5"
"1232",154,"4",0,51,"Remnant",0.000127089495668786,"5"
"1233",155,"1",0,51,"Remnant",0.000127089495668786,"5"
"1234",155,"8",0,51,"Remnant",0.000127089495668786,"5"
"1235",155,"2",0,51,"Remnant",0.000127089495668786,"5"
"1236",155,"7",0,51,"Remnant",0.000127089495668786,"5"
"1237",155,"4",0,51,"Remnant",0.000127089495668786,"5"
"1238",155,"5",1,51,"Remnant",0.000127089495668786,"5"
"1239",155,"6",1,51,"Remnant",0.000127089495668786,"5"
"1240",155,"3",0,51,"Remnant",0.000127089495668786,"5"
"1241",156,"6",3,51,"Remnant",0.000127089495668786,"5"
"1242",156,"7",1,51,"Remnant",0.000127089495668786,"5"
"1243",156,"4",1,51,"Remnant",0.000127089495668786,"5"
"1244",156,"8",0,51,"Remnant",0.000127089495668786,"5"
"1245",156,"3",0,51,"Remnant",0.000127089495668786,"5"
"1246",156,"1",0,51,"Remnant",0.000127089495668786,"5"
"1247",156,"2",0,51,"Remnant",0.000127089495668786,"5"
"1248",156,"5",0,51,"Remnant",0.000127089495668786,"5"
"1249",157,"2",0,51,"Remnant",0.000127089495668786,"5"
"1250",157,"8",0,51,"Remnant",0.000127089495668786,"5"
"1251",157,"5",0,51,"Remnant",0.000127089495668786,"5"
"1252",157,"6",1,51,"Remnant",0.000127089495668786,"5"
"1253",157,"4",0,51,"Remnant",0.000127089495668786,"5"
"1254",157,"3",0,51,"Remnant",0.000127089495668786,"5"
"1255",157,"7",1,51,"Remnant",0.000127089495668786,"5"
"1256",157,"1",0,51,"Remnant",0.000127089495668786,"5"
"1257",158,"3",0,51,"Remnant",0.000127089495668786,"5"
"1258",158,"4",0,51,"Remnant",0.000127089495668786,"5"
"1259",158,"8",1,51,"Remnant",0.000127089495668786,"5"
"1260",158,"6",3,51,"Remnant",0.000127089495668786,"5"
"1261",158,"2",0,51,"Remnant",0.000127089495668786,"5"
"1262",158,"1",0,51,"Remnant",0.000127089495668786,"5"
"1263",158,"7",0,51,"Remnant",0.000127089495668786,"5"
"1264",158,"5",0,51,"Remnant",0.000127089495668786,"5"
"1265",159,"1",0,52,"Planting",0.702614276804904,"8"
"1266",159,"4",0,52,"Planting",0.702614276804904,"8"
"1267",159,"7",1,52,"Planting",0.702614276804904,"8"
"1268",159,"5",0,52,"Planting",0.702614276804904,"8"
"1269",159,"8",0,52,"Planting",0.702614276804904,"8"
"1270",159,"3",0,52,"Planting",0.702614276804904,"8"
"1271",159,"6",1,52,"Planting",0.702614276804904,"8"
"1272",159,"2",0,52,"Planting",0.702614276804904,"8"
"1273",160,"5",0,52,"Planting",0.702614276804904,"8"
"1274",160,"3",0,52,"Planting",0.702614276804904,"8"
"1275",160,"6",1,52,"Planting",0.702614276804904,"8"
"1276",160,"8",0,52,"Planting",0.702614276804904,"8"
"1277",160,"2",1,52,"Planting",0.702614276804904,"8"
"1278",160,"4",0,52,"Planting",0.702614276804904,"8"
"1279",160,"7",0,52,"Planting",0.702614276804904,"8"
"1280",160,"1",0,52,"Planting",0.702614276804904,"8"
"1281",161,"8",0,53,"Planting",0.702614276804904,"5"
"1282",161,"6",1,53,"Planting",0.702614276804904,"5"
"1283",161,"4",0,53,"Planting",0.702614276804904,"5"
"1284",161,"3",0,53,"Planting",0.702614276804904,"5"
"1285",161,"1",0,53,"Planting",0.702614276804904,"5"
"1286",161,"2",0,53,"Planting",0.702614276804904,"5"
"1287",161,"7",0,53,"Planting",0.702614276804904,"5"
"1288",161,"5",0,53,"Planting",0.702614276804904,"5"
"1289",162,"3",1,53,"Planting",0.702614276804904,"5"
"1290",162,"7",0,53,"Planting",0.702614276804904,"5"
"1291",162,"8",0,53,"Planting",0.702614276804904,"5"
"1292",162,"2",0,53,"Planting",0.702614276804904,"5"
"1293",162,"5",0,53,"Planting",0.702614276804904,"5"
"1294",162,"4",0,53,"Planting",0.702614276804904,"5"
"1295",162,"1",0,53,"Planting",0.702614276804904,"5"
"1296",162,"6",1,53,"Planting",0.702614276804904,"5"
"1297",163,"2",0,53,"Planting",0.702614276804904,"5"
"1298",163,"8",0,53,"Planting",0.702614276804904,"5"
"1299",163,"7",0,53,"Planting",0.702614276804904,"5"
"1300",163,"5",0,53,"Planting",0.702614276804904,"5"
"1301",163,"4",0,53,"Planting",0.702614276804904,"5"
"1302",163,"3",0,53,"Planting",0.702614276804904,"5"
"1303",163,"6",1,53,"Planting",0.702614276804904,"5"
"1304",163,"1",0,53,"Planting",0.702614276804904,"5"
"1305",164,"2",0,54,"Young regrowth",-1.08553492725497,"5"
"1306",164,"3",0,54,"Young regrowth",-1.08553492725497,"5"
"1307",164,"8",0,54,"Young regrowth",-1.08553492725497,"5"
"1308",164,"6",4,54,"Young regrowth",-1.08553492725497,"5"
"1309",164,"1",0,54,"Young regrowth",-1.08553492725497,"5"
"1310",164,"7",1,54,"Young regrowth",-1.08553492725497,"5"
"1311",164,"5",1,54,"Young regrowth",-1.08553492725497,"5"
"1312",164,"4",0,54,"Young regrowth",-1.08553492725497,"5"
"1313",165,"3",0,54,"Young regrowth",-1.08553492725497,"5"
"1314",165,"4",0,54,"Young regrowth",-1.08553492725497,"5"
"1315",165,"1",0,54,"Young regrowth",-1.08553492725497,"5"
"1316",165,"7",1,54,"Young regrowth",-1.08553492725497,"5"
"1317",165,"8",1,54,"Young regrowth",-1.08553492725497,"5"
"1318",165,"2",0,54,"Young regrowth",-1.08553492725497,"5"
"1319",165,"6",4,54,"Young regrowth",-1.08553492725497,"5"
"1320",165,"5",0,54,"Young regrowth",-1.08553492725497,"5"
"1321",166,"4",0,54,"Young regrowth",-1.08553492725497,"5"
"1322",166,"7",0,54,"Young regrowth",-1.08553492725497,"5"
"1323",166,"2",1,54,"Young regrowth",-1.08553492725497,"5"
"1324",166,"3",0,54,"Young regrowth",-1.08553492725497,"5"
"1325",166,"1",0,54,"Young regrowth",-1.08553492725497,"5"
"1326",166,"5",1,54,"Young regrowth",-1.08553492725497,"5"
"1327",166,"8",0,54,"Young regrowth",-1.08553492725497,"5"
"1328",166,"6",3,54,"Young regrowth",-1.08553492725497,"5"
"1329",167,"5",0,55,"Young regrowth",-1.0216724556814,"12"
"1330",167,"3",0,55,"Young regrowth",-1.0216724556814,"12"
"1331",167,"1",1,55,"Young regrowth",-1.0216724556814,"12"
"1332",167,"2",0,55,"Young regrowth",-1.0216724556814,"12"
"1333",167,"7",1,55,"Young regrowth",-1.0216724556814,"12"
"1334",167,"6",2,55,"Young regrowth",-1.0216724556814,"12"
"1335",167,"8",0,55,"Young regrowth",-1.0216724556814,"12"
"1336",167,"4",1,55,"Young regrowth",-1.0216724556814,"12"
"1337",168,"6",1,55,"Young regrowth",-1.0216724556814,"12"
"1338",168,"4",1,55,"Young regrowth",-1.0216724556814,"12"
"1339",168,"2",0,55,"Young regrowth",-1.0216724556814,"12"
"1340",168,"3",0,55,"Young regrowth",-1.0216724556814,"12"
"1341",168,"7",0,55,"Young regrowth",-1.0216724556814,"12"
"1342",168,"5",0,55,"Young regrowth",-1.0216724556814,"12"
"1343",168,"8",0,55,"Young regrowth",-1.0216724556814,"12"
"1344",168,"1",1,55,"Young regrowth",-1.0216724556814,"12"
"1345",169,"8",0,55,"Young regrowth",-1.0216724556814,"12"
"1346",169,"4",1,55,"Young regrowth",-1.0216724556814,"12"
"1347",169,"5",0,55,"Young regrowth",-1.0216724556814,"12"
"1348",169,"6",2,55,"Young regrowth",-1.0216724556814,"12"
"1349",169,"3",0,55,"Young regrowth",-1.0216724556814,"12"
"1350",169,"2",0,55,"Young regrowth",-1.0216724556814,"12"
"1351",169,"7",0,55,"Young regrowth",-1.0216724556814,"12"
"1352",169,"1",1,55,"Young regrowth",-1.0216724556814,"12"
"1353",170,"8",0,56,"Remnant",-1.34098481354923,"12"
"1354",170,"3",0,56,"Remnant",-1.34098481354923,"12"
"1355",170,"6",2,56,"Remnant",-1.34098481354923,"12"
"1356",170,"2",0,56,"Remnant",-1.34098481354923,"12"
"1357",170,"5",0,56,"Remnant",-1.34098481354923,"12"
"1358",170,"7",1,56,"Remnant",-1.34098481354923,"12"
"1359",170,"1",0,56,"Remnant",-1.34098481354923,"12"
"1360",170,"4",1,56,"Remnant",-1.34098481354923,"12"
"1361",171,"6",3,56,"Remnant",-1.0216724556814,"12"
"1362",171,"2",0,56,"Remnant",-1.0216724556814,"12"
"1363",171,"5",0,56,"Remnant",-1.0216724556814,"12"
"1364",171,"7",1,56,"Remnant",-1.0216724556814,"12"
"1365",171,"4",0,56,"Remnant",-1.0216724556814,"12"
"1366",171,"1",1,56,"Remnant",-1.0216724556814,"12"
"1367",171,"8",0,56,"Remnant",-1.0216724556814,"12"
"1368",171,"3",0,56,"Remnant",-1.0216724556814,"12"
"1369",172,"8",0,56,"Remnant",-1.0216724556814,"12"
"1370",172,"6",2,56,"Remnant",-1.0216724556814,"12"
"1371",172,"3",0,56,"Remnant",-1.0216724556814,"12"
"1372",172,"4",1,56,"Remnant",-1.0216724556814,"12"
"1373",172,"2",0,56,"Remnant",-1.0216724556814,"12"
"1374",172,"5",0,56,"Remnant",-1.0216724556814,"12"
"1375",172,"7",1,56,"Remnant",-1.0216724556814,"12"
"1376",172,"1",0,56,"Remnant",-1.0216724556814,"12"
"1377",173,"6",3,56,"Remnant",-1.0216724556814,"12"
"1378",173,"8",0,56,"Remnant",-1.0216724556814,"12"
"1379",173,"5",0,56,"Remnant",-1.0216724556814,"12"
"1380",173,"2",0,56,"Remnant",-1.0216724556814,"12"
"1381",173,"4",1,56,"Remnant",-1.0216724556814,"12"
"1382",173,"1",1,56,"Remnant",-1.0216724556814,"12"
"1383",173,"7",1,56,"Remnant",-1.0216724556814,"12"
"1384",173,"3",0,56,"Remnant",-1.0216724556814,"12"
"1385",174,"3",0,57,"Planting",-1.34098481354923,"12"
"1386",174,"4",0,57,"Planting",-1.34098481354923,"12"
"1387",174,"6",2,57,"Planting",-1.34098481354923,"12"
"1388",174,"8",0,57,"Planting",-1.34098481354923,"12"
"1389",174,"5",0,57,"Planting",-1.34098481354923,"12"
"1390",174,"2",0,57,"Planting",-1.34098481354923,"12"
"1391",174,"7",0,57,"Planting",-1.34098481354923,"12"
"1392",174,"1",0,57,"Planting",-1.34098481354923,"12"
"1393",175,"6",0,57,"Planting",-1.34098481354923,"12"
"1394",175,"8",0,57,"Planting",-1.34098481354923,"12"
"1395",175,"2",0,57,"Planting",-1.34098481354923,"12"
"1396",175,"3",0,57,"Planting",-1.34098481354923,"12"
"1397",175,"4",0,57,"Planting",-1.34098481354923,"12"
"1398",175,"7",1,57,"Planting",-1.34098481354923,"12"
"1399",175,"1",0,57,"Planting",-1.34098481354923,"12"
"1400",175,"5",0,57,"Planting",-1.34098481354923,"12"
"1401",176,"6",1,57,"Planting",-1.34098481354923,"12"
"1402",176,"8",0,57,"Planting",-1.34098481354923,"12"
"1403",176,"5",0,57,"Planting",-1.34098481354923,"12"
"1404",176,"2",0,57,"Planting",-1.34098481354923,"12"
"1405",176,"4",0,57,"Planting",-1.34098481354923,"12"
"1406",176,"1",0,57,"Planting",-1.34098481354923,"12"
"1407",176,"7",1,57,"Planting",-1.34098481354923,"12"
"1408",176,"3",1,57,"Planting",-1.34098481354923,"12"
"1409",177,"3",0,57,"Planting",-1.34098481354923,"12"
"1410",177,"4",0,57,"Planting",-1.34098481354923,"12"
"1411",177,"6",1,57,"Planting",-1.34098481354923,"12"
"1412",177,"8",0,57,"Planting",-1.34098481354923,"12"
"1413",177,"5",0,57,"Planting",-1.34098481354923,"12"
"1414",177,"2",0,57,"Planting",-1.34098481354923,"12"
"1415",177,"7",1,57,"Planting",-1.34098481354923,"12"
"1416",177,"1",1,57,"Planting",-1.34098481354923,"12"
"1417",178,"6",1,58,"Planting",0.702614276804904,"5"
"1418",178,"8",0,58,"Planting",0.702614276804904,"5"
"1419",178,"2",1,58,"Planting",0.702614276804904,"5"
"1420",178,"3",0,58,"Planting",0.702614276804904,"5"
"1421",178,"4",0,58,"Planting",0.702614276804904,"5"
"1422",178,"7",0,58,"Planting",0.702614276804904,"5"
"1423",178,"1",0,58,"Planting",0.702614276804904,"5"
"1424",178,"5",0,58,"Planting",0.702614276804904,"5"
"1425",179,"6",1,58,"Planting",0.702614276804904,"5"
"1426",179,"8",0,58,"Planting",0.702614276804904,"5"
"1427",179,"5",0,58,"Planting",0.702614276804904,"5"
"1428",179,"2",0,58,"Planting",0.702614276804904,"5"
"1429",179,"4",0,58,"Planting",0.702614276804904,"5"
"1430",179,"1",0,58,"Planting",0.702614276804904,"5"
"1431",179,"7",0,58,"Planting",0.702614276804904,"5"
"1432",179,"3",1,58,"Planting",0.702614276804904,"5"
"1433",180,"6",1,58,"Planting",0.702614276804904,"5"
"1434",180,"8",0,58,"Planting",0.702614276804904,"5"
"1435",180,"5",0,58,"Planting",0.702614276804904,"5"
"1436",180,"2",0,58,"Planting",0.702614276804904,"5"
"1437",180,"3",1,58,"Planting",0.702614276804904,"5"
"1438",180,"4",0,58,"Planting",0.702614276804904,"5"
"1439",180,"7",0,58,"Planting",0.702614276804904,"5"
"1440",180,"1",0,58,"Planting",0.702614276804904,"5"
"1441",181,"8",0,59,"Young regrowth",-0.574635154666433,"12"
"1442",181,"4",1,59,"Young regrowth",-0.574635154666433,"12"
"1443",181,"6",2,59,"Young regrowth",-0.574635154666433,"12"
"1444",181,"2",0,59,"Young regrowth",-0.574635154666433,"12"
"1445",181,"1",0,59,"Young regrowth",-0.574635154666433,"12"
"1446",181,"5",0,59,"Young regrowth",-0.574635154666433,"12"
"1447",181,"7",0,59,"Young regrowth",-0.574635154666433,"12"
"1448",181,"3",0,59,"Young regrowth",-0.574635154666433,"12"
"1449",182,"8",0,59,"Young regrowth",-0.574635154666433,"12"
"1450",182,"4",1,59,"Young regrowth",-0.574635154666433,"12"
"1451",182,"5",0,59,"Young regrowth",-0.574635154666433,"12"
"1452",182,"6",1,59,"Young regrowth",-0.574635154666433,"12"
"1453",182,"3",0,59,"Young regrowth",-0.574635154666433,"12"
"1454",182,"2",0,59,"Young regrowth",-0.574635154666433,"12"
"1455",182,"7",0,59,"Young regrowth",-0.574635154666433,"12"
"1456",182,"1",0,59,"Young regrowth",-0.574635154666433,"12"
"1457",183,"8",0,59,"Young regrowth",-0.574635154666433,"12"
"1458",183,"3",0,59,"Young regrowth",-0.574635154666433,"12"
"1459",183,"6",2,59,"Young regrowth",-0.574635154666433,"12"
"1460",183,"2",0,59,"Young regrowth",-0.574635154666433,"12"
"1461",183,"5",0,59,"Young regrowth",-0.574635154666433,"12"
"1462",183,"7",0,59,"Young regrowth",-0.574635154666433,"12"
"1463",183,"1",0,59,"Young regrowth",-0.574635154666433,"12"
"1464",183,"4",1,59,"Young regrowth",-0.574635154666433,"12"
"1465",184,"6",2,60,"Remnant",-0.574635154666433,"5"
"1466",184,"2",0,60,"Remnant",-0.574635154666433,"5"
"1467",184,"5",0,60,"Remnant",-0.574635154666433,"5"
"1468",184,"7",0,60,"Remnant",-0.574635154666433,"5"
"1469",184,"4",1,60,"Remnant",-0.574635154666433,"5"
"1470",184,"1",0,60,"Remnant",-0.574635154666433,"5"
"1471",184,"8",0,60,"Remnant",-0.574635154666433,"5"
"1472",184,"3",0,60,"Remnant",-0.574635154666433,"5"
"1473",185,"8",0,60,"Remnant",-0.574635154666433,"5"
"1474",185,"6",3,60,"Remnant",-0.574635154666433,"5"
"1475",185,"3",0,60,"Remnant",-0.574635154666433,"5"
"1476",185,"4",0,60,"Remnant",-0.574635154666433,"5"
"1477",185,"2",0,60,"Remnant",-0.574635154666433,"5"
"1478",185,"5",0,60,"Remnant",-0.574635154666433,"5"
"1479",185,"7",0,60,"Remnant",-0.574635154666433,"5"
"1480",185,"1",0,60,"Remnant",-0.574635154666433,"5"
"1481",186,"6",2,60,"Remnant",-0.574635154666433,"5"
"1482",186,"8",0,60,"Remnant",-0.574635154666433,"5"
"1483",186,"5",1,60,"Remnant",-0.574635154666433,"5"
"1484",186,"2",0,60,"Remnant",-0.574635154666433,"5"
"1485",186,"4",0,60,"Remnant",-0.574635154666433,"5"
"1486",186,"1",0,60,"Remnant",-0.574635154666433,"5"
"1487",186,"7",1,60,"Remnant",-0.574635154666433,"5"
"1488",186,"3",0,60,"Remnant",-0.574635154666433,"5"
"1489",187,"3",0,60,"Remnant",-0.574635154666433,"5"
"1490",187,"4",0,60,"Remnant",-0.574635154666433,"5"
"1491",187,"6",2,60,"Remnant",-0.574635154666433,"5"
"1492",187,"8",0,60,"Remnant",-0.574635154666433,"5"
"1493",187,"5",1,60,"Remnant",-0.574635154666433,"5"
"1494",187,"2",0,60,"Remnant",-0.574635154666433,"5"
"1495",187,"7",0,60,"Remnant",-0.574635154666433,"5"
"1496",187,"1",0,60,"Remnant",-0.574635154666433,"5"
"1497",188,"6",3,61,"Remnant",-0.574635154666433,"12"
"1498",188,"8",0,61,"Remnant",-0.574635154666433,"12"
"1499",188,"2",0,61,"Remnant",-0.574635154666433,"12"
"1500",188,"3",0,61,"Remnant",-0.574635154666433,"12"
"1501",188,"4",0,61,"Remnant",-0.574635154666433,"12"
"1502",188,"7",1,61,"Remnant",-0.574635154666433,"12"
"1503",188,"1",0,61,"Remnant",-0.574635154666433,"12"
"1504",188,"5",1,61,"Remnant",-0.574635154666433,"12"
"1505",189,"6",4,61,"Remnant",-0.574635154666433,"12"
"1506",189,"8",0,61,"Remnant",-0.574635154666433,"12"
"1507",189,"5",1,61,"Remnant",-0.574635154666433,"12"
"1508",189,"2",0,61,"Remnant",-0.574635154666433,"12"
"1509",189,"4",0,61,"Remnant",-0.574635154666433,"12"
"1510",189,"1",1,61,"Remnant",-0.574635154666433,"12"
"1511",189,"7",2,61,"Remnant",-0.574635154666433,"12"
"1512",189,"3",0,61,"Remnant",-0.574635154666433,"12"
"1513",190,"3",0,61,"Remnant",-0.574635154666433,"12"
"1514",190,"4",0,61,"Remnant",-0.574635154666433,"12"
"1515",190,"6",2,61,"Remnant",-0.574635154666433,"12"
"1516",190,"8",0,61,"Remnant",-0.574635154666433,"12"
"1517",190,"5",1,61,"Remnant",-0.574635154666433,"12"
"1518",190,"2",0,61,"Remnant",-0.574635154666433,"12"
"1519",190,"7",0,61,"Remnant",-0.574635154666433,"12"
"1520",190,"1",0,61,"Remnant",-0.574635154666433,"12"
"1521",191,"6",3,61,"Remnant",-0.574635154666433,"12"
"1522",191,"8",0,61,"Remnant",-0.574635154666433,"12"
"1523",191,"2",0,61,"Remnant",-0.574635154666433,"12"
"1524",191,"3",0,61,"Remnant",-0.574635154666433,"12"
"1525",191,"4",0,61,"Remnant",-0.574635154666433,"12"
"1526",191,"7",1,61,"Remnant",-0.574635154666433,"12"
"1527",191,"1",0,61,"Remnant",-0.574635154666433,"12"
"1528",191,"5",1,61,"Remnant",-0.574635154666433,"12"
"1529",192,"6",3,61,"Remnant",-0.574635154666433,"12"
"1530",192,"8",0,61,"Remnant",-0.574635154666433,"12"
"1531",192,"5",0,61,"Remnant",-0.574635154666433,"12"
"1532",192,"2",0,61,"Remnant",-0.574635154666433,"12"
"1533",192,"4",0,61,"Remnant",-0.574635154666433,"12"
"1534",192,"1",0,61,"Remnant",-0.574635154666433,"12"
"1535",192,"7",1,61,"Remnant",-0.574635154666433,"12"
"1536",192,"3",0,61,"Remnant",-0.574635154666433,"12"
"1537",193,"6",4,61,"Remnant",-0.574635154666433,"12"
"1538",193,"8",0,61,"Remnant",-0.574635154666433,"12"
"1539",193,"5",1,61,"Remnant",-0.574635154666433,"12"
"1540",193,"2",0,61,"Remnant",-0.574635154666433,"12"
"1541",193,"3",0,61,"Remnant",-0.574635154666433,"12"
"1542",193,"4",0,61,"Remnant",-0.574635154666433,"12"
"1543",193,"7",1,61,"Remnant",-0.574635154666433,"12"
"1544",193,"1",0,61,"Remnant",-0.574635154666433,"12"
"1545",194,"8",0,62,"Remnant",-1.0216724556814,"11"
"1546",194,"4",1,62,"Remnant",-1.0216724556814,"11"
"1547",194,"6",1,62,"Remnant",-1.0216724556814,"11"
"1548",194,"2",0,62,"Remnant",-1.0216724556814,"11"
"1549",194,"1",1,62,"Remnant",-1.0216724556814,"11"
"1550",194,"5",0,62,"Remnant",-1.0216724556814,"11"
"1551",194,"7",2,62,"Remnant",-1.0216724556814,"11"
"1552",194,"3",1,62,"Remnant",-1.0216724556814,"11"
"1553",195,"6",2,62,"Remnant",-1.0216724556814,"11"
"1554",195,"8",0,62,"Remnant",-1.0216724556814,"11"
"1555",195,"5",0,62,"Remnant",-1.0216724556814,"11"
"1556",195,"1",1,62,"Remnant",-1.0216724556814,"11"
"1557",195,"3",0,62,"Remnant",-1.0216724556814,"11"
"1558",195,"4",2,62,"Remnant",-1.0216724556814,"11"
"1559",195,"2",0,62,"Remnant",-1.0216724556814,"11"
"1560",195,"7",2,62,"Remnant",-1.0216724556814,"11"
"1561",196,"6",4,62,"Remnant",-1.0216724556814,"11"
"1562",196,"1",1,62,"Remnant",-1.0216724556814,"11"
"1563",196,"2",0,62,"Remnant",-1.0216724556814,"11"
"1564",196,"3",0,62,"Remnant",-1.0216724556814,"11"
"1565",196,"5",0,62,"Remnant",-1.0216724556814,"11"
"1566",196,"7",1,62,"Remnant",-1.0216724556814,"11"
"1567",196,"8",0,62,"Remnant",-1.0216724556814,"11"
"1568",196,"4",0,62,"Remnant",-1.0216724556814,"11"
"1569",197,"2",0,62,"Remnant",-1.0216724556814,"11"
"1570",197,"6",3,62,"Remnant",-1.0216724556814,"11"
"1571",197,"1",0,62,"Remnant",-1.0216724556814,"11"
"1572",197,"7",1,62,"Remnant",-1.0216724556814,"11"
"1573",197,"4",0,62,"Remnant",-1.0216724556814,"11"
"1574",197,"8",0,62,"Remnant",-1.0216724556814,"11"
"1575",197,"3",0,62,"Remnant",-1.0216724556814,"11"
"1576",197,"5",0,62,"Remnant",-1.0216724556814,"11"
"1577",198,"1",0,63,"Planting",2.24808608888522,"5"
"1578",198,"3",0,63,"Planting",2.24808608888522,"5"
"1579",198,"4",0,63,"Planting",2.24808608888522,"5"
"1580",198,"7",1,63,"Planting",2.24808608888522,"5"
"1581",198,"2",0,63,"Planting",2.24808608888522,"5"
"1582",198,"6",1,63,"Planting",2.24808608888522,"5"
"1583",198,"8",0,63,"Planting",2.24808608888522,"5"
"1584",198,"5",0,63,"Planting",2.24808608888522,"5"
"1585",199,"4",0,1,"Planting",-1.34098481354923,"11"
"1586",199,"8",0,1,"Planting",-1.34098481354923,"11"
"1587",199,"2",0,1,"Planting",-1.34098481354923,"11"
"1588",199,"6",4,1,"Planting",-1.34098481354923,"11"
"1589",199,"7",0,1,"Planting",-1.34098481354923,"11"
"1590",199,"1",0,1,"Planting",-1.34098481354923,"11"
"1591",199,"5",0,1,"Planting",-1.34098481354923,"11"
"1592",199,"3",0,1,"Planting",-1.34098481354923,"11"
"1593",200,"6",6,1,"Planting",-1.34098481354923,"11"
"1594",200,"5",0,1,"Planting",-1.34098481354923,"11"
"1595",200,"1",0,1,"Planting",-1.34098481354923,"11"
"1596",200,"3",0,1,"Planting",-1.34098481354923,"11"
"1597",200,"2",0,1,"Planting",-1.34098481354923,"11"
"1598",200,"8",0,1,"Planting",-1.34098481354923,"11"
"1599",200,"4",0,1,"Planting",-1.34098481354923,"11"
"1600",200,"7",0,1,"Planting",-1.34098481354923,"11"
"1601",201,"5",0,1,"Planting",-1.34098481354923,"11"
"1602",201,"6",6,1,"Planting",-1.34098481354923,"11"
"1603",201,"3",0,1,"Planting",-1.34098481354923,"11"
"1604",201,"2",0,1,"Planting",-1.34098481354923,"11"
"1605",201,"1",0,1,"Planting",-1.34098481354923,"11"
"1606",201,"4",0,1,"Planting",-1.34098481354923,"11"
"1607",201,"7",0,1,"Planting",-1.34098481354923,"11"
"1608",201,"8",0,1,"Planting",-1.34098481354923,"11"
