pl.p,IBRA,IBRAsub,planting,age,plot.type,plot.area,preRE,plot.biomass,biomass.area,stem.count,density,alpha,rare.rich,rare.rich.se,log.age,log.density,log.biomass.area,log.rare.rich
1,SEQ,SEQ06,2,80,Remnant,0.025,5,6795.525193,271821.00772,61,2440,8,5.5677706783,0.987418374,4.3820266347,7.7997533183,12.5128990688,1.7169947365
2,SEQ,SEQ06,2,80,Remnant,0.0225,5,8822.363451,392105.042266667,50,2222.2222222222,6,4.2763438956,0.9227099422,4.3820266347,7.7062629752,12.8792850478,1.4530984145
3,SEQ,SEQ06,2,80,Remnant,0.025,5,9280.614691,371224.58764,41,1640,7,4.6245275573,0.8598622056,4.3820266347,7.4024515208,12.824562516,1.531374216
4,SEQ,SEQ06,2,80,Remnant,0.0225,5,4163.270646,185034.250933333,46,2044.4444444444,6,5.2735353935,0.6814969279,4.3820266347,7.6228813663,12.1282962271,1.6627009903
5,BBS,BBS17,3,80,Remnant,0.09,10,6383.02581,70922.509,78,866.6666666667,4,3.012159012,0.511130067,4.3820266347,6.7646544353,11.1693431375,1.1026571014
6,BBS,BBS17,3,80,Remnant,0.09,10,8022.9684,89144.0933333333,132,1466.6666666667,3,2.8208934157,0.3845283548,4.3820266347,7.2907475312,11.3980093657,1.0370536489
7,BBS,BBS17,3,80,Remnant,0.09,10,9532.76305,105919.589444444,40,444.4444444444,2,1.9975342974,0.0495945858,4.3820266347,6.0968250628,11.5704354951,0.6919135687
8,BBS,BBS17,3,80,Remnant,0.09,10,13592.01473,151022.385888889,21,233.3333333333,5,4.5604395604,0.5588211928,4.3820266347,5.4524680464,11.9251833557,1.5174190137
9,BBS,BBS17,4,49,Old regrowth,0.09,3,15284.279861,169825.331788889,44,488.8888888889,3,2.6979561501,0.4599187834,3.8918202981,6.1921352426,12.0425257278,0.9924945049
10,BBS,BBS17,4,49,Old regrowth,0.09,3,14036.696502,155963.294466667,40,444.4444444444,4,3.2841415973,0.5103081853,3.8918202981,6.0968250628,11.9573759667,1.189105308
11,BBS,BBS17,4,49,Old regrowth,0.09,3,29144.860618,323831.784644444,27,300,3,2.7825413918,0.4125188979,3.8918202981,5.7037824747,12.6879794768,1.0233646798
12,BBS,BBS17,4,49,Old regrowth,0.09,3,12491.826304,138798.070044444,37,411.1111111111,5,3.5172953846,0.7713675086,3.8918202981,6.0188635213,11.8407754224,1.2576923376
13,BBS,BBS17,5,71,Old regrowth,0.09,5,8631.128008,95901.4223111111,44,488.8888888889,3,2.1132561133,0.6021056069,4.262679877,6.1921352426,11.471076092,0.7482299397
14,BBS,BBS17,5,71,Old regrowth,0.09,5,6901.56037,76684.0041111111,26,288.8888888889,2,1.5714285714,0.4948716593,4.262679877,5.6660421467,11.2474484143,0.4519851237
15,BBS,BBS17,5,71,Old regrowth,0.09,5,10086.599441,112073.327122222,57,633.3333333333,2,1.2264150943,0.4185108116,4.262679877,6.4509968765,11.6269086425,0.2040953563
16,BBS,BBS17,6,71,Old regrowth,0.09,5,7004.2968,77825.52,37,411.1111111111,3,2.4056722689,0.6045540347,4.262679877,6.0188635213,11.2622246769,0.8778293942
17,BBS,BBS17,6,71,Old regrowth,0.09,5,6466.222545,71846.9171666667,44,488.8888888889,4,2.834317414,0.6771900561,4.262679877,6.1921352426,11.1822929841,1.0418011371
18,BBS,BBS17,6,71,Old regrowth,0.09,5,10971.206047,121902.289411111,53,588.8888888889,2,1.4336734694,0.4955812661,4.262679877,6.3782375222,11.7109750964,0.3602400101
19,BBS,BBS17,6,71,Old regrowth,0.09,5,5517.032959,61300.3662111111,47,522.2222222222,2,1.615503876,0.4864759548,4.262679877,6.2580932104,11.023541096,0.4796469055
20,BBS,BBS17,7,4,Young regrowth,0.0225,5,134.621821,5983.1920444444,40,1777.7777777778,3,2.2364906702,0.5112659672,1.3862943611,7.4831194239,8.6967094912,0.8049079723
21,BBS,BBS17,7,4,Young regrowth,0.0225,5,436.183896,19385.9509333333,35,1555.5555555556,3,2.3420820987,0.4751488757,1.3862943611,7.3495880313,9.872303904,0.8510403195
22,BBS,BBS17,8,5,Young regrowth,0.0225,7,522.340751,23215.1444888889,48,2133.3333333333,3,2.091275305,0.556501292,1.6094379124,7.6654409807,10.0525601244,0.7377740737
23,BBS,BBS17,8,5,Young regrowth,0.0225,7,544.851931,24215.6413777778,31,1377.7777777778,3,2.9219830638,0.2686882732,1.6094379124,7.2282271743,10.0947540413,1.0722625172
24,BBS,BBS17,8,5,Young regrowth,0.0225,7,467.580805,20781.3691111111,20,888.8888888889,2,1.9855521156,0.1193278805,1.6094379124,6.7899722433,9.9418121485,0.6858970193
25,BBS,BBS17,8,5,Young regrowth,0.0225,7,881.446822,39175.4143111111,50,2222.2222222222,3,2.1391836735,0.6835717086,1.6094379124,7.7062629752,10.5758046431,0.7604242953
26,BBS,BBS17,9,54,Old regrowth,0.09,8,6992.92516,77699.1684444444,65,722.2222222222,2,1.1935483871,0.3950789908,3.9889840466,6.5823328785,11.2605998342,0.1769307082
27,BBS,BBS08,10,16,Young regrowth,0.04,11,4532.445948,113311.1487,44,1100,3,1.7975609756,0.6649307392,2.7725887222,7.0030654588,11.637892842,0.5864307325
28,BBS,BBS08,10,16,Young regrowth,0.04,11,3175.820496,79395.5124,68,1700,4,2.703121757,0.665581017,2.7725887222,7.43838353,11.2821971267,0.9944073114
29,SEQ,SEQ06,11,80,Remnant,0.0225,9-10,7478.283492,332368.1552,89,3955.5555555556,13,6.972929917,1.1639188904,4.3820266347,8.2828763395,12.7139985347,1.9420354976
30,SEQ,SEQ06,11,80,Remnant,0.0225,9-10,5313.942459,236175.2204,48,2133.3333333333,11,6.8733958652,1.1138506991,4.3820266347,7.6654409807,12.3723292678,1.9276582876
31,SEQ,SEQ06,11,80,Remnant,0.0225,9-10,5926.561702,263402.742311111,47,2088.8888888889,13,7.8521841169,1.1068220299,4.3820266347,7.6443875715,12.4814394794,2.0607917245
32,BBS,BBS08,12,21,Old regrowth,0.09,11,5406.752233,60075.0248111111,63,700,3,1.5715955582,0.6209952464,3.0445224377,6.551080335,11.0033494736,0.4520913824
33,BBS,BBS08,12,21,Old regrowth,0.09,11,5754.425736,63938.0637333333,67,744.4444444444,3,1.9721409,0.5580371446,3.0445224377,6.612638228,11.0656701396,0.6791197039
34,BBS,BBS08,12,21,Old regrowth,0.09,11,3607.214568,40080.1618666667,50,555.5555555556,2,1.7798334875,0.414358805,3.0445224377,6.3199686141,10.5986367743,0.5765198136
35,SEQ,SEQ05,13,80,Remnant,0.1225,5,26820.431697,218942.299567347,103,840.8163265306,6,3.8403089656,0.7816506575,4.3820266347,6.7343732372,12.2965635018,1.3455528232
36,SEQ,SEQ05,13,80,Remnant,0.1225,5,36528.367502,298190.755118367,123,1004.0816326531,4,3.2570670144,0.487959941,4.3820266347,6.9118286044,12.6054886785,1.1808271016
37,SEQ,SEQ05,13,80,Remnant,0.1225,5,25345.978069,206905.943420408,95,775.5102040816,6,3.740267046,0.7558381972,4.3820266347,6.6535211406,12.2400195894,1.3191570116
38,SEQ,SEQ05,13,80,Remnant,0.1225,5,43128.595171,352070.164661225,68,555.1020408163,5,3.9067481218,0.7087003935,4.3820266347,6.3191519542,12.7715857661,1.3627053456
39,BBS,BBS17,14,80,Remnant,0.0625,10,8056.747809,128907.964944,101,1616,3,2.44436049,0.501175907,4.3820266347,7.3877092391,11.7668539787,0.8937835304
40,BBS,BBS17,14,80,Remnant,0.0625,10,5683.432013,90934.912208,99,1584,3,2.0584339508,0.4195006813,4.3820266347,7.3677085724,11.4178992791,0.7219454756
41,BBS,BBS17,14,80,Remnant,0.0625,10,9157.486131,146519.778096,53,848,4,3.2066833554,0.6515474256,4.3820266347,6.7428806358,11.8949157024,1.1652371804
42,BBS,BBS17,14,80,Remnant,0.0625,10,10203.889746,163262.235936,52,832,3,2.2448246144,0.4454959968,4.3820266347,6.7238324408,12.0031129965,0.8086273954
43,BBS,BBS17,15,80,Remnant,0.09,10,12718.276724,141314.185822222,73,811.1111111111,4,2.5234786406,0.6950829793,4.3820266347,6.6984050498,11.8587409587,0.9256383626
44,BBS,BBS17,15,80,Remnant,0.09,10,11503.992631,127822.140344444,57,633.3333333333,2,1.887254902,0.3162809525,4.3820266347,6.4509968765,11.7583950481,0.6351233405
45,BBS,BBS17,15,80,Remnant,0.09,10,19990.634243,222118.158255556,100,1111.1111111111,4,1.950838635,0.7606788791,4.3820266347,7.0131157946,12.3109647637,0.6682593494
46,BBS,BBS17,15,80,Remnant,0.09,10,14557.09292,161745.476888889,58,644.4444444444,9,5.0697188636,1.0589850171,4.3820266347,6.4683886192,11.9937792484,1.6232853651
47,SEQ,SEQ06,16,80,Remnant,0.04,11,4533.990685,113349.767125,54,1350,9,5.6362159792,1.0324142745,4.3820266347,7.2078598714,11.6382336015,1.7292129147
48,SEQ,SEQ06,16,80,Remnant,0.04,11,5208.743648,130218.5912,80,2000,11,5.9932047687,1.1196534629,4.3820266347,7.6009024595,11.7769697881,1.7906262889
49,SEQ,SEQ06,16,80,Remnant,0.04,11,6861.69335,171542.33375,56,1400,10,5.8152556421,1.0429203282,4.3820266347,7.2442275156,12.0525853592,1.7604847475
50,SEQ,SEQ06,17,80,Remnant,0.04,8,5451.27837,136281.95925,38,950,9,5.1073287185,1.0631441463,4.3820266347,6.8564619846,11.8224812483,1.6306765119
51,SEQ,SEQ06,17,80,Remnant,0.04,8,14365.081761,359127.044025,91,2275,13,6.261916318,1.1776683947,4.3820266347,7.7297353314,12.7914314879,1.8344862594
52,SEQ,SEQ06,17,80,Remnant,0.04,8,3043.731526,76093.28815,81,2025,12,5.5227541787,1.1768810489,4.3820266347,7.6133249795,11.2397153422,1.7088766813
53,SEQ,SEQ06,18,18,Young regrowth,0.05,11,4603.24021,92064.8042,44,880,6,4.1333333333,0.908429378,2.8903717579,6.7799219075,11.4302480015,1.4190841839
54,SEQ,SEQ06,18,18,Young regrowth,0.051,11,3743.327978,73398.5878039216,36,705.8823529412,10,6.5614269788,1.0728356678,2.8903717579,6.5594485847,11.2036599747,1.8812081066
55,SEQ,SEQ06,18,18,Young regrowth,0.05,11,4205.451923,84109.03846,31,620,4,3.2422360248,0.6474995549,2.8903717579,6.429719478,11.339869313,1.1762632229
56,SEQ,SEQ06,19,17,Young regrowth,0.04,12,1467.282831,36682.070775,38,950,4,2.9917042631,0.6719649877,2.8332133441,6.8564619846,10.5100433799,1.0958432127
57,SEQ,SEQ06,19,17,Young regrowth,0.04,12,1592.938864,39823.4716,59,1475,3,1.4210526316,0.5713791035,2.8332133441,7.2964132688,10.5922117561,0.3513978869
58,SEQ,SEQ06,19,17,Young regrowth,0.04,12,4435.540108,110888.5027,61,1525,4,2.669906795,0.7893984607,2.8332133441,7.329749689,11.6162804953,0.9820435636
59,SEQ,SEQ06,19,17,Young regrowth,0.04,12,1757.615211,43940.380275,30,750,2,1.9687356322,0.1740313395,2.8332133441,6.6200732065,10.6905890003,0.6773915256
60,BBS,BBS17,20,80,Remnant,0.0625,9,7648.368654,122373.898464,53,848,7,5.2867618568,0.8375461608,4.3820266347,6.7428806358,11.7148363785,1.6652059331
61,BBS,BBS17,20,80,Remnant,0.0625,9,8764.894595,140238.31352,40,640,7,5.7176870971,0.8306656984,4.3820266347,6.4614681764,11.8510984939,1.74356437
62,BBS,BBS17,20,80,Remnant,0.0625,9,11623.487401,185975.798416,55,880,5,4.0960912215,0.6722679963,4.3820266347,6.7799219075,12.1333718282,1.4100331584
63,BBS,BBS17,20,80,Remnant,0.0625,9,13602.964968,217647.439488,55,880,4,3.0174616921,0.5693222519,4.3820266347,6.7799219075,12.2906317826,1.1044159787
64,BBS,BBS17,21,34,Old regrowth,0.04,9,5235.421057,130885.526425,60,1500,2,1.2181818182,0.4130115161,3.5263605246,7.3132203871,11.7820783761,0.1973594342
65,BBS,BBS17,21,34,Old regrowth,0.04,9,3937.107072,98427.6768,39,975,3,2.8577126256,0.3507712239,3.5263605246,6.882437471,11.4970773118,1.0500215236
66,BBS,BBS17,21,34,Old regrowth,0.04,9,4984.409693,124610.242325,52,1300,3,1.5454545455,0.6224698933,3.5263605246,7.1701195434,11.7329460836,0.4353180713
67,SEQ,SEQ05,22,7,Planting,0.03,9-10,1674.831925,55827.7308333333,32,1066.6666666667,4,3.7437082106,0.4436658277,1.9459101491,6.9722938001,10.9300259933,1.3200766204
68,SEQ,SEQ05,22,7,Planting,0.03,9-10,2171.662789,72388.7596333333,30,1000,4,3.0786897278,0.6669214294,1.9459101491,6.907755279,11.1898063126,1.1245040934
69,SEQ,SEQ05,22,7,Planting,0.03,9-10,1334.219241,44473.9747,33,1100,4,3.2702746134,0.5505630824,1.9459101491,7.0030654588,10.7026594589,1.184873961
70,BBS,BBS17,23,80,Remnant,0.09,5,6264.90625,69610.0694444445,68,755.5555555556,9,5.1179512976,1.014888422,4.3820266347,6.6274533138,11.1506645118,1.6327542218
71,BBS,BBS17,23,80,Remnant,0.09,5,10957.645921,121751.621344444,67,744.4444444444,6,4.3298461329,0.8955776563,4.3820266347,6.612638228,11.7097383579,1.4655320063
72,BBS,BBS17,23,80,Remnant,0.09,5,14591.299284,162125.5476,59,655.5555555556,7,4.9767031411,0.8416917929,4.3820266347,6.4854830526,11.9961262993,1.6047676519
73,BBS,BBS17,23,80,Remnant,0.09,5,13071.441578,145238.239755556,60,666.6666666667,7,3.4873732343,0.9637757729,4.3820266347,6.5022901709,11.8861307059,1.2491487979
74,BBS,BBS17,24,80,Remnant,0.09,5,9734.845579,108164.950877778,33,366.6666666667,2,1.8997936929,0.3002748793,4.3820266347,5.9044531701,11.5914126639,0.6417452976
75,BBS,BBS17,25,16,Young regrowth,0.09,5,4626.424282,51404.7142444444,48,533.3333333333,3,2.6969937982,0.4595982707,2.7725887222,6.2791466196,10.8474851641,0.9921377446
76,BBS,BBS17,25,16,Young regrowth,0.09,5,4423.131755,49145.9083888889,65,722.2222222222,8,4.148121982,1.0524943005,2.7725887222,6.5823328785,10.8025488747,1.4226556974
77,BBS,BBS17,25,16,Young regrowth,0.09,5,2794.443646,31049.3738444444,51,566.6666666667,7,4.1561190329,0.8907479075,2.7725887222,6.3397712414,10.3433339211,1.424581714
78,BBS,BBS17,25,16,Young regrowth,0.09,5,1353.394638,15037.7182,32,355.5555555556,4,3.3826967719,0.5024947712,2.7725887222,5.8736815115,9.6183168706,1.2186732529
79,BBS,BBS17,26,80,Remnant,0.09,5,8826.69238,98074.3597777778,48,533.3333333333,5,3.854188782,0.7192038373,4.3820266347,6.2791466196,11.4934812432,1.3491605522
80,BBS,BBS17,26,80,Remnant,0.09,5,7504.804218,83386.7135333333,53,588.8888888889,5,3.292935079,0.8053214518,4.3820266347,6.3782375222,11.3312442655,1.1917792884
81,BBS,BBS17,26,80,Remnant,0.09,5,24411.038047,271233.756077778,62,688.8888888889,5,3.6983925859,0.7877501562,4.3820266347,6.5350799937,12.5107362966,1.307898289
82,BBS,BBS17,26,80,Remnant,0.09,5,12276.333627,136403.706966667,68,755.5555555556,5,3.6735751569,0.6650807026,4.3820266347,6.6274533138,11.8233742012,1.3011653451
83,BBS,BBS17,27,11,Planting,0.15,3,3520.910297,23472.7353133333,36,240,3,2.3090285502,0.4912298854,2.3978952728,5.4806389233,10.0635948271,0.836826895
84,BBS,BBS17,27,11,Planting,0.15,3,5437.306676,36248.7111733333,30,200,4,2.9881520778,0.6955395397,2.3978952728,5.2983173665,10.4981591058,1.0946551622
85,BBS,BBS17,27,11,Planting,0.15,3,2641.108586,17607.3905733333,37,246.6666666667,4,2.4862745098,0.741303918,2.3978952728,5.5080378975,9.7760740118,0.9107854093
86,SEQ,SEQ06,28,24,Old regrowth,0.0625,11,6650.32758,106405.24128,44,704,2,1.995417775,0.0675368657,3.1780538303,6.5567783562,11.5750101148,0.6908534394
87,SEQ,SEQ06,28,24,Old regrowth,0.0625,11,5788.885346,92622.165536,31,496,2,1.4137931034,0.4925123054,3.1780538303,6.2065759267,11.4362837606,0.3462762367
88,SEQ,SEQ06,28,24,Old regrowth,0.0625,11,4327.291157,69236.658512,71,1136,5,3.4175565633,0.7876067985,3.1780538303,7.0352685993,11.1452857486,1.2289258406
89,SEQ,SEQ06,28,24,Old regrowth,0.04,11,2791.5566,69788.915,39,975,5,3.492244354,0.8058061905,3.1780538303,6.882437471,11.1532304653,1.2505446109
90,SEQ,SEQ06,29,80,Remnant,0.0625,12,5132.080422,82113.286752,34,544,8,5.4037277887,0.9668894513,4.3820266347,6.2989492469,11.3158551185,1.6870890466
91,SEQ,SEQ06,29,80,Remnant,0.0625,12,8449.619972,135193.919552,57,912,8,5.161786571,0.9819500841,4.3820266347,6.8156399901,11.8144654679,1.6412827543
92,SEQ,SEQ06,29,80,Remnant,0.0625,12,7327.188122,117235.009952,94,1504,12,6.1482985952,1.118775245,4.3820266347,7.3158835045,11.6719358312,1.8161753924
93,SEQ,SEQ06,30,31,Old regrowth,0.04,12,3029.264649,75731.616225,60,1500,6,3.2172491362,0.846602867,3.4339872045,7.3132203871,11.2349510038,1.1685266889
94,SEQ,SEQ06,30,31,Old regrowth,0.04,12,2265.320289,56633.007225,106,2650,7,2.695174206,0.832549885,3.4339872045,7.882314919,10.9443472607,0.9914628427
95,SEQ,SEQ06,30,31,Old regrowth,0.04,12,814.365773,20359.144325,48,1200,4,2.5577922905,0.6267880748,3.4339872045,7.0900768358,9.9212854425,0.9391444999
96,SEQ,SEQ06,31,32,Old regrowth,0.0225,3,2830.237784,125788.345955556,31,1377.7777777778,2,1.4615384615,0.4985185153,3.4657359028,7.2282271743,11.7423559795,0.3794896217
97,SEQ,SEQ06,32,10,Young regrowth,0.0225,12,2176.749782,96744.4347555556,69,3066.6666666667,3,2.1333767755,0.4409263438,2.302585093,8.0283464744,11.4798280873,0.757706065
98,SEQ,SEQ06,32,10,Young regrowth,0.0225,12,2074.467042,92198.5352,70,3111.1111111111,4,2.3144028048,0.7158510276,2.302585093,8.0427352118,11.4316995222,0.8391516866
99,SEQ,SEQ06,32,10,Young regrowth,0.0225,12,1810.292575,80457.4477777778,73,3244.4444444444,2,1.3328671329,0.4712394346,2.302585093,8.0846994109,11.2954837246,0.287332361
100,SEQ,SEQ06,32,10,Young regrowth,0.0225,12,2184.843139,97104.1395111111,113,5022.2222222222,6,2.2740862698,0.9009944668,2.302585093,8.5216277885,11.4835392848,0.8215783321
101,SEQ,SEQ05,33,8,Planting,0.12,12,3498.876786,29157.30655,26,216.6666666667,2,1.9988100686,0.0344748519,2.0794415417,5.3783600742,10.2804608139,0.6925520378
102,SEQ,SEQ05,33,8,Planting,0.12,12,3746.197113,31218.309275,26,216.6666666667,3,2.9806886141,0.1376170638,2.0794415417,5.3783600742,10.3487600374,1.0921543524
103,SEQ,SEQ05,33,8,Planting,0.12,12,3244.497281,27037.4773416667,30,250,6,4.9851753707,0.7806468206,2.0794415417,5.5214609179,10.2049792322,1.6064685825
104,SEQ,SEQ05,34,13,Planting,0.16,3,3440.960425,21506.00265625,35,218.75,4,3.8069600054,0.3986661298,2.5649493575,5.3879295252,9.9760873685,1.3368309718
105,SEQ,SEQ05,34,13,Planting,0.16,3,4201.628902,26260.1806375,26,162.5,7,5.7669846858,0.7926862505,2.5649493575,5.0906780018,10.1758090266,1.7521493591
106,SEQ,SEQ05,34,13,Planting,0.16,3,5905.448496,36909.0531,33,206.25,5,4.1135526445,0.7363902678,2.5649493575,5.3290890252,10.5162121414,1.4142870455
107,SEQ,SEQ02,35,13,Young regrowth,0.01,9-10,511.424045,51142.4045,35,3500,6,3.5411696937,0.9209680436,2.5649493575,8.1605182475,10.8423692657,1.2644570945
108,SEQ,SEQ02,35,13,Young regrowth,0.01,9-10,1546.945538,154694.5538,30,3000,5,3.9525575365,0.7190367935,2.5649493575,8.0063675677,11.949207831,1.374362847
109,SEQ,SEQ03,36,10,Planting,0.06,9-10,3225.518049,53758.63415,43,716.6666666667,4,3.6359139921,0.4998348809,2.302585093,6.5746108325,10.8922595684,1.2908605215
110,SEQ,SEQ03,36,10,Planting,0.06,9-10,3607.09653,60118.2755,38,633.3333333333,5,4.0818534812,0.616066329,2.302585093,6.4509968765,11.0040691592,1.4065511699
111,SEQ,SEQ03,36,10,Planting,0.06,9-10,4175.529331,69592.1555166667,42,700,5,3.9172587356,0.6853618348,2.302585093,6.551080335,11.1504071319,1.365392107
112,SEQ,SEQ03,37,10,Planting,0.06,9-10,4385.554526,73092.5754333333,30,500,6,4.9475785917,0.7153072514,2.302585093,6.2146080984,11.1994820733,1.5988982835
113,SEQ,SEQ03,37,10,Planting,0.06,9-10,5402.455459,90040.9243166667,27,450,5,4.1050978321,0.6755690586,2.302585093,6.1092475828,11.4080195606,1.412229575
114,SEQ,SEQ03,37,10,Planting,0.06,9-10,3425.634101,57093.9016833333,31,516.6666666667,4,3.6332720858,0.4955089797,2.302585093,6.2473979212,10.9524525893,1.2901336433
115,SEQ,SEQ05,38,9,Planting,0.09,12,1788.435419,19871.5046555556,39,433.3333333333,2,1.3076923077,0.4615384615,2.1972245773,6.0715072548,9.8970420577,0.2682639866
116,SEQ,SEQ05,39,80,Remnant,0.09,5,14465.735825,160730.398055556,173,1922.2222222222,6,3.4141667525,0.7357295423,4.3820266347,7.5612372031,11.9874836941,1.2279334669
117,SEQ,SEQ05,39,80,Remnant,0.09,5,10513.948169,116821.646322222,45,500,4,2.9031512605,0.7157001666,4.3820266347,6.2146080984,11.6684036603,1.0657967886
118,SEQ,SEQ05,39,80,Remnant,0.09,5,13674.508645,151938.984944444,57,633.3333333333,4,2.9028748904,0.6437688791,4.3820266347,6.4509968765,11.9312343044,1.0657015875
119,SEQ,SEQ05,39,80,Remnant,0.09,5,12838.260292,142647.336577778,54,600,3,1.9194832827,0.6219386322,4.3820266347,6.3969296552,11.8681306854,0.6520560262
120,BBS,BBS04,40,11,Young regrowth,0.01,5,534.587144,53458.7144,35,3500,3,2.1737394958,0.5923340158,2.3978952728,8.1605182475,10.8866649415,0.7764489544
121,BBS,BBS04,40,11,Young regrowth,0.01,5,767.584597,76758.4597,29,2900,2,1.9975726423,0.0492083904,2.3978952728,7.972466016,11.2484188835,0.6919327646
122,BBS,BBS04,40,11,Young regrowth,0.01,5,1096.080981,109608.0981,65,6500,3,1.9161756188,0.6724794134,2.3978952728,8.7795574559,11.6046665385,0.6503313344
123,SEQ,SEQ05,41,4,Young regrowth,0.09,9-10,991.092592,11012.1399111111,61,677.7777777778,3,2.8769674498,0.3288691407,1.3862943611,6.5188194728,9.3067535715,1.0567367706
124,SEQ,SEQ05,41,4,Young regrowth,0.09,9-10,515.047587,5722.7509666667,30,333.3333333333,2,1.9843678161,0.124047647,1.3862943611,5.8091429903,8.652204907,0.6853003829
125,SEQ,SEQ05,41,4,Young regrowth,0.09,9-10,538.369648,5981.8849777778,44,488.8888888889,3,2.5994909635,0.5034717575,1.3862943611,6.1921352426,8.696491011,0.9553156426
126,SEQ,SEQ07,42,22,Old regrowth,0.0225,12,3340.728961,148476.842711111,31,1377.7777777778,2,1.4444444444,0.496903995,3.0910424534,7.2282271743,11.9081842837,0.3677247801
127,BBS,BBS08,43,17,Young regrowth,0.01,12,749.858453,74985.8453,46,4600,2,1.2608695652,0.4391089104,2.8332133441,8.4338115825,11.2250546454,0.231801614
128,BBS,BBS08,43,17,Young regrowth,0.01,12,514.852427,51485.2427,66,6600,2,1.8764980441,0.3290124964,2.8332133441,8.794824928,10.8490504961,0.6294072973
129,BBS,BBS08,43,17,Young regrowth,0.01,12,1005.204706,100520.4706,69,6900,2,1.6461300796,0.4781694259,2.8332133441,8.8392766906,11.5181166733,0.4984271268
130,SEQ,SEQ06,44,80,Remnant,0.04,5,2753.633953,68840.848825,80,2000,9,4.7081724769,1.1139644207,4.3820266347,7.6009024595,11.1395525807,1.5492998236
131,SEQ,SEQ06,44,80,Remnant,0.04,5,4974.484401,124362.110025,90,2250,5,3.5041752498,0.7609384112,4.3820266347,7.7186854952,11.7309528311,1.253955186
132,SEQ,SEQ06,44,80,Remnant,0.04,5,5360.58784,134014.696,126,3150,4,2.2809746071,0.6156507469,4.3820266347,8.0551577318,11.8057047446,0.8246028109
133,SEQ,SEQ06,44,80,Remnant,0.04,5,6561.725806,164043.14515,61,1525,4,2.8920267824,0.7170504741,4.3820266347,7.329749689,12.0078847524,1.0619575651
134,SEQ,SEQ06,45,8,Planting,0.12,5,1473.203003,12276.6916916667,44,366.6666666667,4,3.2322209832,0.6964856952,2.0794415417,5.9044531701,9.4154577592,1.1731695118
135,SEQ,SEQ06,45,8,Planting,0.12,5,1632.516393,13604.303275,44,366.6666666667,5,3.5937560582,0.769306825,2.0794415417,5.9044531701,9.518141439,1.2791979113
136,SEQ,SEQ06,45,8,Planting,0.12,5,2171.35318,18094.6098333333,69,575,4,3.0072477504,0.5234031039,2.0794415417,6.3543700408,9.8033693736,1.1010252918
137,SEQ,SEQ06,45,8,Planting,0.12,5,2413.103306,20109.1942166667,60,500,5,3.6438602474,0.7687804348,2.0794415417,6.2146080984,9.9089324132,1.2930436272
138,SEQ,SEQ06,46,7,Planting,0.09,5,3028.443655,33649.3739444444,50,555.5555555556,2,1.8883415435,0.314945782,1.9459101491,6.3199686141,10.42374973,0.6356989536
139,SEQ,SEQ06,46,7,Planting,0.09,5,2937.782541,32642.0282333333,51,566.6666666667,2,1.5695918367,0.4951332914,1.9459101491,6.3397712414,10.3933559466,0.4508156089
140,SEQ,SEQ03,47,80,Remnant,0.12,11,19138.910218,159490.918483333,62,516.6666666667,8,5.5214227234,0.8616550896,4.3820266347,6.2473979212,11.9797422622,1.7086355668
141,SEQ,SEQ03,47,80,Remnant,0.12,11,18959.233876,157993.615633333,67,558.3333333333,8,5.2328644625,0.9280182647,4.3820266347,6.3249561556,11.9703099038,1.6549588265
142,SEQ,SEQ03,47,80,Remnant,0.12,11,12414.465416,103453.878466667,44,366.6666666667,9,5.9782014771,1.0396057036,4.3820266347,5.9044531701,11.5468811737,1.7881197664
143,SEQ,SEQ03,47,80,Remnant,0.12,11,15996.634572,133305.2881,93,775,11,5.5257953037,1.1143650665,4.3820266347,6.6528630294,11.800397176,1.7094271834
144,SEQ,SEQ03,48,19,Young regrowth,0.04,11,5707.610289,142690.257225,52,1300,4,2.3739130435,0.8289058392,2.9444389792,7.1701195434,11.8684315266,0.8645396668
145,SEQ,SEQ03,48,19,Young regrowth,0.04,11,6042.536919,151063.422975,63,1575,4,2.919721361,0.6751800847,2.9444389792,7.3620105513,11.9254550473,1.0714881874
146,SEQ,SEQ03,48,19,Young regrowth,0.04,11,4510.581387,112764.534675,42,1050,5,2.676962677,0.8823004391,2.9444389792,6.9565454432,11.6330571597,0.9846828223
147,SEQ,SEQ06,49,80,Remnant,0.0225,5,2754.016192,122400.719644444,58,2577.7777777778,4,2.6140544212,0.6443874252,4.3820266347,7.8546829803,11.7150555285,0.9609024341
148,SEQ,SEQ06,49,80,Remnant,0.0225,5,7275.920928,323374.263466667,62,2755.5555555556,6,4.5341623583,0.7851444215,4.3820266347,7.9213743548,12.6865656418,1.5116403605
149,SEQ,SEQ06,49,80,Remnant,0.0225,5,3197.804435,142124.641555556,69,3066.6666666667,4,3.5296072616,0.5286651397,4.3820266347,8.0283464744,11.864459709,1.2611866074
150,SEQ,SEQ06,49,80,Remnant,0.0225,5,4126.414451,183396.197822222,68,3022.2222222222,3,2.3485720635,0.4859401039,4.3820266347,8.0137476749,12.119404107,0.8538075109
151,BBS,BBS08,50,8,Planting,0.16,5,4076.135231,25475.84519375,46,287.5,2,1.8994927947,0.3006750854,2.0794415417,5.6612228602,10.1454860349,0.6415869004
152,BBS,BBS08,50,8,Planting,0.175,5,2370.992926,13548.5310057143,36,205.7142857143,2,1.3333333333,0.4714045208,2.0794415417,5.3264882435,9.5140334076,0.2876820724
153,BBS,BBS08,50,8,Planting,0.16,5,2796.092161,17475.57600625,35,218.75,3,2.4935958254,0.5597881461,2.0794415417,5.3879295252,9.7685595283,0.9137257753
154,SEQ,SEQ06,51,80,Remnant,0.0625,5,9133.452237,146135.235792,34,544,2,1.6322580645,0.4821906307,4.3820266347,6.2989492469,11.8922877445,0.4899643718
155,SEQ,SEQ06,51,80,Remnant,0.0625,5,10544.197359,168707.157744,41,656,2,1.3428571429,0.4746642207,4.3820266347,6.4861607889,12.0359196965,0.2947995403
156,SEQ,SEQ06,51,80,Remnant,0.0625,5,12318.168892,197090.702272,50,800,8,4.2056772989,1.0633924039,4.3820266347,6.6846117277,12.1914193194,1.4364353503
157,SEQ,SEQ06,51,80,Remnant,0.0625,5,12112.356904,193797.710464,135,2160,7,4.7028856294,0.7099905588,4.3820266347,7.6778635007,12.1745701645,1.548176284
158,SEQ,SEQ06,51,80,Remnant,0.0625,5,10987.771425,175804.3428,39,624,3,2.3322276074,0.5176050627,4.3820266347,6.4361503684,12.077126967,0.8468238655
159,SEQ,SEQ06,52,5,Planting,0.09,8,2231.841527,24798.2391888889,48,533.3333333333,2,1.2553191489,0.4360404581,1.6094379124,6.2791466196,10.1185279292,0.2273898422
160,SEQ,SEQ06,52,5,Planting,0.09,8,2012.509306,22361.2145111111,40,444.4444444444,2,1.3157894737,0.4648295193,1.6094379124,6.0968250628,10.015083242,0.2744368457
161,SEQ,SEQ06,53,5,Planting,0.09,5,1779.836705,19775.9633888889,48,533.3333333333,2,1.9999223708,0.008810401,1.6094379124,6.2791466196,9.892222509,0.6931083652
162,SEQ,SEQ06,53,5,Planting,0.09,5,2200.106245,24445.6249444444,53,588.8888888889,2,1.9991525447,0.0290987469,1.6094379124,6.3782375222,10.10420654,0.6927233631
163,SEQ,SEQ06,53,5,Planting,0.09,5,1562.317269,17359.0807666667,27,300,2,1.9927536232,0.084816666,1.6094379124,5.7037824747,9.7618710356,0.6895174125
164,BBS,BBS08,54,14,Young regrowth,0.02,5,2277.029514,113851.4757,31,1550,6,5.4610182088,0.6189376103,2.6390573296,7.3460102099,11.6426500332,1.6976352575
165,BBS,BBS08,54,14,Young regrowth,0.02,5,3267.222715,163361.13575,35,1750,6,3.7981469281,0.8922897722,2.6390573296,7.4673710669,12.0037185858,1.3345132973
166,BBS,BBS08,54,14,Young regrowth,0.02,5,1643.753281,82187.66405,49,2450,7,4.4421402631,0.9350523235,2.6390573296,7.8038433035,11.3167604974,1.4911363015
167,BBS,BBS08,55,16,Young regrowth,0.0225,12,1171.27778,52056.7902222222,51,2266.6666666667,5,3.5068845534,0.7860478322,2.7725887222,7.7260656025,10.8600905213,1.2547280517
168,BBS,BBS08,55,16,Young regrowth,0.0225,12,659.992822,29333.0143111111,53,2355.5555555556,3,2.4897027229,0.5911027443,2.7725887222,7.7645318833,10.286468929,0.912163315
169,BBS,BBS08,55,16,Young regrowth,0.0225,12,642.408246,28551.4776,36,1600,4,2.5481499051,0.7389646023,2.7725887222,7.3777589082,10.2594639686,0.9353675684
170,SEQ,SEQ06,56,80,Remnant,0.01,12,4445.040152,444504.0152,52,5200,6,4.5568575505,0.8085812407,4.3820266347,8.5564139046,13.004714367,1.5166332523
171,SEQ,SEQ06,56,80,Remnant,0.0225,12,3475.321048,154458.713244444,100,4444.4444444444,8,4.0692690833,0.971478991,4.3820266347,8.3994101558,11.9476821114,1.4034633969
172,SEQ,SEQ06,56,80,Remnant,0.0225,12,5541.013368,246267.2608,58,2577.7777777778,8,5.0664720968,0.8959576595,4.3820266347,7.8546829803,12.4141726512,1.6226447365
173,SEQ,SEQ06,56,80,Remnant,0.0225,12,4104.825973,182436.709911111,67,2977.7777777778,12,6.3997213636,1.1491931505,4.3820266347,7.9989325892,12.1141585968,1.8562544525
174,SEQ,SEQ06,57,5,Planting,0.01,12,521.375278,52137.5278,70,7000,2,1.1714285714,0.3768830274,1.6094379124,8.853665428,10.8616402717,0.1582240052
175,SEQ,SEQ06,57,5,Planting,0.01,12,359.135047,35913.5047,43,4300,2,1.2790697674,0.4485418959,1.6094379124,8.3663703017,10.4888686792,0.2461330695
176,SEQ,SEQ06,57,5,Planting,0.01,12,233.818486,23381.8486,37,3700,3,2.1327882504,0.5991065981,1.6094379124,8.2160880986,10.0597152995,0.7574301614
177,SEQ,SEQ06,57,5,Planting,0.01,12,286.097757,28609.7757,20,2000,3,2.7058823529,0.4556450996,1.6094379124,7.6009024595,10.2615037461,0.9954280524
178,SEQ,SEQ06,58,7,Planting,0.09,5,3142.060959,34911.7884333333,39,433.3333333333,2,1.5263157895,0.499306999,1.9459101491,6.0715072548,10.4605798286,0.4228568508
179,SEQ,SEQ06,58,7,Planting,0.09,5,3393.199173,37702.2130333333,40,444.4444444444,2,1.6684210526,0.4707805742,1.9459101491,6.0968250628,10.5374740729,0.5118777017
180,SEQ,SEQ06,58,7,Planting,0.09,5,3519.553457,39106.1495222222,38,422.2222222222,2,1.3157894737,0.4648295193,1.9459101491,6.0455317684,10.5740350104,0.2744368457
181,SEQ,SEQ05,59,19,Young regrowth,0.04,12,1573.721994,39343.04985,41,1025,3,2.6666912976,0.4719089586,2.9444389792,6.9324478916,10.5800746144,0.9808384896
182,SEQ,SEQ05,59,19,Young regrowth,0.04,12,1546.633241,38665.831025,59,1475,2,1.3738656987,0.4838286247,2.9444389792,7.2964132688,10.5627115698,0.3176284443
183,SEQ,SEQ05,59,19,Young regrowth,0.04,12,1605.564375,40139.109375,29,725,3,2.4433765573,0.4974994578,2.9444389792,6.5861716549,10.6001064341,0.8933809176
184,SEQ,SEQ06,60,80,Remnant,0.04,5,4220.73024,105518.256,24,600,3,2.4977116705,0.5013390467,4.3820266347,6.3969296552,11.5666392596,0.9153749809
185,SEQ,SEQ06,60,80,Remnant,0.04,5,3178.738431,79468.460775,27,675,3,2.4285714286,0.5651832629,4.3820266347,6.5147126909,11.2831155021,0.887303195
186,SEQ,SEQ06,60,80,Remnant,0.04,5,3420.686068,85517.1517,24,600,4,3.1428537407,0.6821317265,4.3820266347,6.3969296552,11.3564722395,1.1451312218
187,SEQ,SEQ06,60,80,Remnant,0.04,5,8444.626378,211115.65945,41,1025,3,2.6907960006,0.462400344,4.3820266347,6.9324478916,12.2601614113,0.9898370608
188,SEQ,SEQ06,61,80,Remnant,0.04,12,5581.617457,139540.436425,76,1900,4,3.6171097501,0.5368609891,4.3820266347,7.5496091652,11.8461097051,1.2856752954
189,SEQ,SEQ06,61,80,Remnant,0.04,12,5195.703602,129892.59005,51,1275,7,3.4926505453,1.049521115,4.3820266347,7.1507014576,11.7744631575,1.2506609165
190,SEQ,SEQ06,61,80,Remnant,0.04,12,8302.032913,207550.822825,50,1250,3,2.9235438017,0.2657444083,4.3820266347,7.1308988303,12.2431315179,1.0727965111
191,SEQ,SEQ06,61,80,Remnant,0.04,12,4038.835378,100970.88445,46,1150,5,3.8789864598,0.7111256265,4.3820266347,7.0475172214,11.5225874815,1.3555738978
192,SEQ,SEQ06,61,80,Remnant,0.04,12,6717.049363,167926.234075,58,1450,5,2.9099030186,0.767618591,4.3820266347,7.2793188354,12.0312800791,1.0681197537
193,SEQ,SEQ06,61,80,Remnant,0.04,12,6909.387861,172734.696525,49,1225,6,4.2518141874,0.7778206582,4.3820266347,7.110696123,12.0595121503,1.4473457595
194,SEQ,SEQ07,62,80,Remnant,0.0225,11,2782.492013,123666.311688889,60,2666.6666666667,7,3.9918463817,0.9586913332,4.3820266347,7.888584532,11.7253421825,1.3842538762
195,SEQ,SEQ07,62,80,Remnant,0.0225,11,2814.447649,125086.562177778,50,2222.2222222222,8,4.6236329684,0.9755950535,4.3820266347,7.7062629752,11.736761274,1.5311807529
196,SEQ,SEQ07,62,80,Remnant,0.0225,11,6423.742685,285499.674888889,37,1644.4444444444,8,5.8344456343,0.9485929073,4.3820266347,7.4051578824,12.5619961693,1.7637792542
197,SEQ,SEQ07,62,80,Remnant,0.0225,11,6608.676168,293718.9408,62,2755.5555555556,6,3.8614959621,0.8907505536,4.3820266347,7.9213743548,12.5903786054,1.3510546633
198,SEQ,SEQ06,63,8,Planting,0.1505,5,4984.534039,33119.8275016611,41,272.4252491694,2,1.6572232645,0.4746375934,2.0794415417,5.6073642615,10.4078874002,0.5051434696
199,SEQ,SEQ03,1,6,Planting,0.01,11,13.253321,1325.3321,12,1200,4,4,0,1.7917594692,7.0900768358,7.1894183485,1.3862943611
200,SEQ,SEQ03,1,6,Planting,0.01,11,30.30918,3030.918,13,1300,6,5.8461538462,0.3608012123,1.7917594692,7.1701195434,8.0166208229,1.7657839828
201,SEQ,SEQ03,1,6,Planting,0.01,11,18.467139,1846.7139,12,1200,6,6,0,1.7917594692,7.0900768358,7.5211630684,1.7917594692
